Country,2000,2000_lower, 2000_upper, 2001,2001_lower, 2001_upper, 2002,2002_lower, 2002_upper, 2003,2003_lower, 2003_upper, 2004,2004_lower, 2004_upper, 2005,2005_lower, 2005_upper, 2006,2006_lower, 2006_upper, 2007,2007_lower, 2007_upper, 2008,2008_lower, 2008_upper, 2009,2009_lower, 2009_upper, 2010,2010_lower, 2010_upper, 2011,2011_lower, 2011_upper, 2012,2012_lower, 2012_upper, 2013,2013_lower, 2013_upper, 2014,2014_lower, 2014_upper, 2015,2015_lower, 2015_upper, 2016,2016_lower, 2016_upper, 2017,2017_lower, 2017_upper, 2018,2018_lower, 2018_upper, 2019,2019_lower, 2019_upper
Afghanistan,3.34 ,1.70 , 8.10,3.33 ,1.72 , 8.62,3.15 ,1.62 , 7.98,3.16 ,1.61 , 8.06,2.98 ,1.50 , 7.30,2.96 ,1.47 , 7.15,2.90 ,1.43 , 6.93,2.81 ,1.32 , 6.91,2.70 ,1.30 , 7.01,2.65 ,1.19 , 6.73,2.71 ,1.12 , 6.97,2.80 ,1.13 , 7.23,2.87 ,1.13 , 7.98,2.87 ,1.11 , 8.51,2.85 ,1.06 , 9.01,2.84 ,1.00 , 9.52,2.85 ,0.98 , 10.13,2.89 ,0.95 , 10.81,2.92 ,0.86 , 10.70,2.92 ,0.81 , 10.61
Albania,6.00 ,3.33 , 11.67,7.00 ,4.00 , 12.50,10.50 ,6.00 , 17.75,11.80 ,6.80 , 18.40,12.50 ,7.17 , 18.33,14.83 ,8.83 , 21.67,14.29 ,8.57 , 20.71,11.89 ,7.22 , 17.89,11.00 ,6.50 , 17.30,10.18 ,6.00 , 16.64,8.62 ,4.92 , 14.54,6.59 ,3.71 , 11.41,6.53 ,3.47 , 12.00,6.11 ,3.06 , 12.06,6.06 ,2.78 , 12.56,5.05 ,1.86 , 10.90,4.43 ,1.35 , 10.83,3.88 ,0.88 , 10.52,3.41 ,0.33 , 10.52,2.61 ,0.06 , 9.39
Algeria,5.79 ,3.78 , 8.31,6.03 ,3.97 , 8.56,5.58 ,3.73 , 7.99,5.40 ,3.56 , 7.69,5.23 ,3.35 , 7.44,5.30 ,3.24 , 7.57,5.75 ,3.64 , 8.13,5.94 ,3.73 , 8.58,6.44 ,4.15 , 9.39,6.54 ,4.02 , 9.48,7.09 ,4.21 , 10.14,7.37 ,4.13 , 10.82,7.57 ,4.17 , 11.41,7.97 ,4.23 , 11.73,8.17 ,3.92 , 12.56,8.36 ,3.63 , 13.02,8.56 ,2.84 , 14.03,8.57 ,2.28 , 14.83,8.62 ,2.02 , 15.33,8.51 ,1.89 , 16.44
Angola,3.07 ,2.53 , 3.73,2.96 ,2.45 , 3.58,2.82 ,2.30 , 3.43,2.69 ,2.20 , 3.26,2.54 ,2.06 , 3.09,2.40 ,1.94 , 2.91,2.35 ,1.89 , 2.83,2.48 ,2.05 , 2.98,2.41 ,1.99 , 2.91,2.38 ,1.95 , 2.82,2.33 ,1.90 , 2.74,2.26 ,1.89 , 2.68,2.15 ,1.78 , 2.56,2.06 ,1.63 , 2.49,2.15 ,1.67 , 2.65,2.21 ,1.69 , 2.75,2.18 ,1.65 , 2.75,1.99 ,1.51 , 2.56,1.76 ,1.28 , 2.28,1.70 ,1.20 , 2.27
Argentina,4.41 ,3.70 , 5.24,4.19 ,3.53 , 5.12,3.68 ,3.08 , 4.47,3.76 ,3.17 , 4.59,3.86 ,3.25 , 4.68,3.71 ,3.16 , 4.70,3.57 ,3.03 , 4.42,3.46 ,2.93 , 4.25,3.33 ,2.73 , 4.18,3.43 ,2.81 , 4.49,3.19 ,2.56 , 4.13,3.31 ,2.60 , 4.36,3.38 ,2.70 , 4.40,3.36 ,2.60 , 4.43,3.22 ,2.49 , 4.29,3.15 ,2.41 , 4.27,2.90 ,2.18 , 4.02,2.95 ,2.15 , 3.97,2.70 ,1.95 , 3.85,2.76 ,2.00 , 3.98
Armenia,16.20 ,10.30 , 25.85,13.17 ,9.00 , 18.83,10.68 ,7.68 , 13.90,8.23 ,6.54 , 10.59,6.31 ,5.11 , 8.09,4.95 ,4.03 , 6.17,4.13 ,3.42 , 5.06,3.17 ,2.61 , 3.83,2.43 ,1.99 , 2.86,1.81 ,1.52 , 2.15,1.51 ,1.26 , 1.79,1.34 ,1.09 , 1.63,1.22 ,0.96 , 1.55,1.21 ,0.93 , 1.59,1.24 ,0.94 , 1.67,1.34 ,0.99 , 1.93,1.52 ,1.09 , 2.22,1.52 ,1.03 , 2.39,1.39 ,0.92 , 2.26,1.42 ,0.88 , 2.41
Australia,3.46 ,2.38 , 4.76,3.51 ,2.35 , 4.82,3.61 ,2.38 , 4.95,3.59 ,2.36 , 5.03,3.45 ,2.29 , 4.87,3.41 ,2.25 , 4.87,3.81 ,2.57 , 5.48,4.23 ,2.86 , 6.00,4.29 ,2.96 , 6.04,4.00 ,2.75 , 5.62,4.10 ,2.69 , 5.73,4.70 ,3.02 , 6.60,4.56 ,2.86 , 6.43,5.01 ,3.05 , 7.24,5.38 ,3.20 , 7.90,5.40 ,3.22 , 8.10,5.21 ,3.00 , 8.13,4.91 ,2.74 , 7.88,4.51 ,2.41 , 7.48,4.12 ,2.07 , 7.08
Austria,... ,... , ...,... ,... , ...,... ,... , ...,... ,... , ...,... ,... , ...,... ,... , ...,... ,... , ...,... ,... , ...,... ,... , ...,... ,... , ...,... ,... , ...,... ,... , ...,... ,... , ...,... ,... , ...,... ,... , ...,... ,... , ...,... ,... , ...,... ,... , ...,... ,... , ...,... ,... , ...
Azerbaijan,9.69 ,4.11 , 19.87,6.81 ,3.44 , 13.18,4.95 ,2.67 , 8.08,3.35 ,1.94 , 5.50,2.44 ,1.50 , 3.95,2.04 ,1.35 , 3.34,1.68 ,1.20 , 2.62,1.45 ,1.03 , 2.07,1.46 ,1.02 , 2.02,1.38 ,0.98 , 1.95,1.31 ,0.92 , 1.84,1.25 ,0.87 , 1.78,1.20 ,0.82 , 1.71,1.23 ,0.82 , 1.77,1.29 ,0.86 , 1.86,1.29 ,0.82 , 1.86,1.37 ,0.84 , 1.97,1.37 ,0.85 , 2.00,1.34 ,0.80 , 2.02,1.34 ,0.78 , 2.12
Bahamas,... ,... , ...,... ,... , ...,... ,... , ...,... ,... , ...,... ,... , ...,... ,... , ...,... ,... , ...,... ,... , ...,... ,... , ...,... ,... , ...,... ,... , ...,... ,... , ...,... ,... , ...,... ,... , ...,... ,... , ...,... ,... , ...,... ,... , ...,... ,... , ...,... ,... , ...,... ,... , ...
Bahrain,... ,... , ...,... ,... , ...,... ,... , ...,... ,... , ...,... ,... , ...,... ,... , ...,... ,... , ...,... ,... , ...,... ,... , ...,... ,... , ...,... ,... , ...,... ,... , ...,... ,... , ...,... ,... , ...,... ,... , ...,... ,... , ...,... ,... , ...,... ,... , ...,... ,... , ...,... ,... , ...
Bangladesh,... ,... , ...,... ,... , ...,... ,... , ...,... ,... , ...,... ,... , ...,... ,... , ...,... ,... , ...,... ,... , ...,... ,... , ...,... ,... , ...,... ,... , ...,... ,... , ...,... ,... , ...,... ,... , ...,... ,... , ...,... ,... , ...,... ,... , ...,... ,... , ...,... ,... , ...,... ,... , ...
Barbados,0.64 ,0.34 , 0.91,0.62 ,0.32 , 0.89,0.59 ,0.30 , 0.90,0.62 ,0.29 , 0.96,0.83 ,0.35 , 1.31,0.91 ,0.34 , 1.52,0.87 ,0.29 , 1.52,0.82 ,0.24 , 1.52,0.77 ,0.18 , 1.51,0.76 ,0.14 , 1.59,0.74 ,0.11 , 1.61,0.73 ,0.07 , 1.67,0.70 ,0.06 , 1.73,0.69 ,0.04 , 1.83,0.67 ,0.02 , 1.86,0.62 ,0.02 , 1.80,0.59 ,0.01 , 1.76,0.59 ,0.02 , 1.80,0.61 ,0.01 , 2.04,0.63 ,0.01 , 2.26
Belarus,10.61 ,8.22 , 13.10,9.68 ,7.60 , 11.91,8.72 ,6.94 , 10.65,8.28 ,6.61 , 10.20,7.96 ,6.32 , 10.17,7.81 ,6.22 , 9.88,7.93 ,6.36 , 9.75,10.02 ,7.92 , 12.39,8.92 ,6.99 , 11.11,7.84 ,6.10 , 9.82,7.57 ,5.95 , 9.54,8.18 ,6.32 , 10.23,8.03 ,6.17 , 10.08,8.22 ,6.32 , 10.62,7.82 ,5.96 , 10.54,7.13 ,5.33 , 9.96,6.72 ,4.77 , 9.59,5.92 ,4.15 , 8.83,5.92 ,3.96 , 9.24,6.14 ,3.85 , 9.91
Belgium,... ,... , ...,... ,... , ...,... ,... , ...,... ,... , ...,... ,... , ...,... ,... , ...,... ,... , ...,... ,... , ...,... ,... , ...,... ,... , ...,... ,... , ...,... ,... , ...,... ,... , ...,... ,... , ...,... ,... , ...,... ,... , ...,... ,... , ...,... ,... , ...,... ,... , ...,... ,... , ...
Belize,... ,... , ...,... ,... , ...,... ,... , ...,... ,... , ...,... ,... , ...,... ,... , ...,... ,... , ...,... ,... , ...,... ,... , ...,... ,... , ...,... ,... , ...,... ,... , ...,... ,... , ...,... ,... , ...,... ,... , ...,... ,... , ...,... ,... , ...,... ,... , ...,... ,... , ...,... ,... , ...
Benin,2.04 ,0.99 , 4.07,1.76 ,0.85 , 3.51,1.51 ,0.74 , 3.02,1.36 ,0.66 , 2.72,1.25 ,0.61 , 2.49,1.16 ,0.56 , 2.32,1.10 ,0.53 , 2.20,1.03 ,0.50 , 2.05,1.10 ,0.53 , 2.19,1.61 ,0.78 , 3.21,1.72 ,0.84 , 3.44,1.70 ,0.83 , 3.39,1.66 ,0.81 , 3.31,1.61 ,0.78 , 3.22,1.40 ,0.68 , 2.79,1.28 ,0.62 , 2.55,1.28 ,0.62 , 2.56,1.30 ,0.63 , 2.59,1.26 ,0.61 , 2.50,1.22 ,0.59 , 2.43
Bhutan,... ,... , ...,... ,... , ...,... ,... , ...,... ,... , ...,... ,... , ...,... ,... , ...,... ,... , ...,... ,... , ...,... ,... , ...,... ,... , ...,... ,... , ...,... ,... , ...,... ,... , ...,... ,... , ...,... ,... , ...,... ,... , ...,... ,... , ...,... ,... , ...,... ,... , ...,... ,... , ...
Bolivia (Plurinational State of),1.11 ,0.76 , 1.59,0.84 ,0.60 , 1.20,0.70 ,0.50 , 0.91,0.63 ,0.45 , 0.83,0.59 ,0.43 , 0.79,0.60 ,0.44 , 0.80,0.61 ,0.44 , 0.79,0.61 ,0.45 , 0.78,0.65 ,0.49 , 0.83,0.70 ,0.54 , 0.90,0.75 ,0.58 , 0.98,0.99 ,0.78 , 1.29,1.20 ,0.95 , 1.59,1.46 ,1.15 , 1.93,1.74 ,1.36 , 2.28,2.02 ,1.55 , 2.66,2.31 ,1.75 , 3.09,2.71 ,2.03 , 3.57,3.04 ,2.30 , 4.01,3.22 ,2.40 , 4.32
Bosnia and Herzegovina,... ,... , ...,... ,... , ...,... ,... , ...,... ,... , ...,... ,... , ...,... ,... , ...,... ,... , ...,... ,... , ...,... ,... , ...,... ,... , ...,... ,... , ...,... ,... , ...,... ,... , ...,... ,... , ...,... ,... , ...,... ,... , ...,... ,... , ...,... ,... , ...,... ,... , ...,... ,... , ...
Botswana,1.63 ,1.47 , 1.74,1.35 ,1.24 , 1.43,1.19 ,1.11 , 1.25,1.13 ,1.07 , 1.20,1.22 ,1.14 , 1.29,1.38 ,1.30 , 1.47,1.52 ,1.43 , 1.63,1.61 ,1.50 , 1.74,1.65 ,1.53 , 1.79,1.64 ,1.53 , 1.76,1.71 ,1.61 , 1.83,1.74 ,1.63 , 1.86,1.68 ,1.55 , 1.81,1.67 ,1.53 , 1.84,1.73 ,1.59 , 1.89,1.74 ,1.57 , 1.91,1.59 ,1.40 , 1.76,1.47 ,1.29 , 1.67,1.42 ,1.23 , 1.66,1.34 ,1.13 , 1.58
Brazil,2.96 ,1.41 , 4.33,2.99 ,1.41 , 4.34,2.91 ,1.37 , 4.23,2.71 ,1.29 , 3.97,2.39 ,1.13 , 3.48,2.55 ,1.20 , 3.73,2.12 ,0.99 , 3.09,2.26 ,1.06 , 3.31,2.23 ,1.04 , 3.26,2.19 ,1.02 , 3.20,2.22 ,1.03 , 3.28,2.33 ,1.09 , 3.44,2.31 ,1.07 , 3.39,2.44 ,1.14 , 3.59,2.44 ,1.15 , 3.58,2.53 ,1.19 , 3.72,2.44 ,1.15 , 3.58,2.54 ,1.20 , 3.75,2.58 ,1.23 , 3.80,2.62 ,1.24 , 3.86
Brunei Darussalam,,,,,,,,,,,,,,,,,,,,,,,,,,,,,,,,,,,,,,,,,,,,,,,,,... ,... , ...,... ,... , ...,... ,... , ...,... ,... , ...
Bulgaria,23.00 ,17.67 , 29.33,20.75 ,16.50 , 26.00,16.33 ,13.33 , 19.83,16.00 ,13.57 , 18.86,14.22 ,12.44 , 16.33,13.00 ,11.82 , 14.45,12.08 ,11.23 , 13.15,10.75 ,10.13 , 11.50,9.30 ,8.75 , 9.95,8.25 ,7.71 , 8.92,8.40 ,7.80 , 9.12,6.91 ,6.38 , 7.53,5.80 ,5.38 , 6.30,5.13 ,4.79 , 5.53,4.61 ,4.37 , 4.94,4.16 ,3.94 , 4.44,3.91 ,3.63 , 4.25,3.34 ,2.99 , 3.77,4.10 ,3.49 , 4.84,4.90 ,3.95 , 6.05
Burkina Faso,0.76 ,0.62 , 0.92,0.72 ,0.58 , 0.87,0.68 ,0.55 , 0.82,0.66 ,0.54 , 0.80,0.69 ,0.55 , 0.85,0.73 ,0.58 , 0.90,0.79 ,0.61 , 0.97,0.83 ,0.64 , 1.03,0.85 ,0.66 , 1.04,0.86 ,0.66 , 1.09,0.89 ,0.68 , 1.15,0.94 ,0.71 , 1.19,0.88 ,0.63 , 1.16,0.82 ,0.59 , 1.11,0.71 ,0.50 , 0.98,0.66 ,0.45 , 0.95,0.63 ,0.43 , 0.90,0.61 ,0.43 , 0.90,0.70 ,0.47 , 1.05,0.69 ,0.46 , 1.07
Burundi,0.62 ,0.52 , 0.73,0.56 ,0.48 , 0.68,0.56 ,0.47 , 0.67,0.51 ,0.43 , 0.62,0.51 ,0.43 , 0.62,0.54 ,0.44 , 0.65,0.58 ,0.47 , 0.72,0.59 ,0.47 , 0.71,0.60 ,0.49 , 0.76,0.64 ,0.51 , 0.81,0.66 ,0.51 , 0.84,0.71 ,0.54 , 0.93,0.75 ,0.55 , 0.97,0.77 ,0.55 , 1.02,0.73 ,0.53 , 0.99,0.71 ,0.48 , 0.99,0.70 ,0.47 , 1.02,0.72 ,0.46 , 1.07,0.72 ,0.46 , 1.11,0.71 ,0.44 , 1.10
Cabo Verde,1.62 ,1.17 , 3.15,1.60 ,1.18 , 2.64,1.50 ,1.10 , 2.31,1.46 ,1.09 , 2.08,1.36 ,1.05 , 1.85,1.31 ,1.02 , 1.74,1.70 ,1.31 , 2.27,1.89 ,1.46 , 2.41,2.06 ,1.58 , 2.61,2.13 ,1.61 , 2.69,1.89 ,1.42 , 2.36,1.89 ,1.39 , 2.34,1.95 ,1.43 , 2.51,2.07 ,1.48 , 2.73,2.13 ,1.53 , 2.89,2.16 ,1.55 , 3.04,2.25 ,1.58 , 3.21,2.17 ,1.52 , 3.27,2.19 ,1.51 , 3.49,2.12 ,1.43 , 3.49
Cambodia,1.18 ,1.07 , 1.29,0.81 ,0.73 , 0.89,0.65 ,0.59 , 0.72,0.58 ,0.52 , 0.64,0.56 ,0.51 , 0.62,0.59 ,0.53 , 0.65,0.62 ,0.56 , 0.69,0.63 ,0.56 , 0.70,0.63 ,0.56 , 0.69,0.60 ,0.54 , 0.67,0.60 ,0.53 , 0.67,0.61 ,0.54 , 0.68,0.60 ,0.53 , 0.67,0.56 ,0.50 , 0.63,0.53 ,0.46 , 0.59,0.51 ,0.45 , 0.57,0.51 ,0.45 , 0.57,0.49 ,0.44 , 0.54,0.43 ,0.38 , 0.49,0.42 ,0.37 , 0.48
Cameroon,2.62 ,2.27 , 3.13,2.18 ,1.87 , 2.53,1.81 ,1.60 , 2.04,1.53 ,1.36 , 1.70,1.37 ,1.24 , 1.51,1.39 ,1.26 , 1.51,1.35 ,1.22 , 1.47,1.27 ,1.15 , 1.38,1.31 ,1.17 , 1.45,1.31 ,1.19 , 1.45,1.25 ,1.13 , 1.37,1.19 ,1.08 , 1.31,1.12 ,1.01 , 1.23,1.01 ,0.91 , 1.13,0.90 ,0.80 , 1.01,0.81 ,0.72 , 0.92,0.81 ,0.71 , 0.95,0.83 ,0.71 , 0.97,0.87 ,0.72 , 1.07,0.94 ,0.76 , 1.15
Canada,... ,... , ...,... ,... , ...,... ,... , ...,... ,... , ...,... ,... , ...,... ,... , ...,... ,... , ...,... ,... , ...,... ,... , ...,... ,... , ...,... ,... , ...,... ,... , ...,... ,... , ...,... ,... , ...,... ,... , ...,... ,... , ...,... ,... , ...,... ,... , ...,... ,... , ...,... ,... , ...
Central African Republic,1.12 ,0.95 , 1.33,1.02 ,0.85 , 1.19,0.95 ,0.80 , 1.11,0.91 ,0.77 , 1.07,0.88 ,0.73 , 1.05,0.84 ,0.70 , 1.00,0.86 ,0.72 , 1.05,0.89 ,0.74 , 1.09,0.94 ,0.78 , 1.18,1.07 ,0.87 , 1.36,1.06 ,0.85 , 1.35,1.02 ,0.78 , 1.33,0.95 ,0.71 , 1.24,0.94 ,0.69 , 1.24,0.90 ,0.63 , 1.22,0.95 ,0.64 , 1.37,0.99 ,0.64 , 1.50,1.06 ,0.67 , 1.61,1.00 ,0.61 , 1.58,0.98 ,0.58 , 1.64
Chad,1.33 ,1.04 , 1.65,1.21 ,0.96 , 1.49,1.13 ,0.90 , 1.38,1.10 ,0.88 , 1.34,1.02 ,0.81 , 1.23,1.04 ,0.82 , 1.25,1.05 ,0.82 , 1.27,1.20 ,0.92 , 1.45,1.24 ,0.97 , 1.49,1.38 ,1.05 , 1.68,1.48 ,1.10 , 1.83,1.50 ,1.13 , 1.86,1.51 ,1.12 , 1.88,1.43 ,1.06 , 1.81,1.30 ,0.91 , 1.69,1.30 ,0.91 , 1.72,1.26 ,0.84 , 1.70,1.33 ,0.88 , 1.80,1.28 ,0.83 , 1.78,1.14 ,0.72 , 1.70
Chile,... ,... , ...,... ,... , ...,... ,... , ...,... ,... , ...,... ,... , ...,... ,... , ...,... ,... , ...,... ,... , ...,... ,... , ...,... ,... , ...,... ,... , ...,... ,... , ...,... ,... , ...,... ,... , ...,... ,... , ...,... ,... , ...,... ,... , ...,... ,... , ...,... ,... , ...,... ,... , ...
China,... ,... , ...,... ,... , ...,... ,... , ...,... ,... , ...,... ,... , ...,... ,... , ...,... ,... , ...,... ,... , ...,... ,... , ...,... ,... , ...,... ,... , ...,... ,... , ...,... ,... , ...,... ,... , ...,... ,... , ...,... ,... , ...,... ,... , ...,... ,... , ...,... ,... , ...,... ,... , ...
Colombia,1.72 ,1.33 , 2.29,1.58 ,1.23 , 2.05,1.53 ,1.20 , 1.92,1.30 ,1.04 , 1.60,1.34 ,1.06 , 1.65,1.33 ,1.03 , 1.62,1.42 ,1.09 , 1.73,1.73 ,1.35 , 2.14,1.67 ,1.19 , 2.14,1.47 ,1.05 , 1.93,1.46 ,1.10 , 1.88,1.76 ,1.31 , 2.30,2.23 ,1.66 , 2.95,2.44 ,1.79 , 3.27,2.59 ,1.86 , 3.53,2.78 ,1.94 , 3.86,3.01 ,2.06 , 4.25,3.04 ,2.07 , 4.41,2.75 ,1.85 , 4.10,2.58 ,1.74 , 4.03
Comoros,8.00 ,4.00 , 16.00,4.50 ,2.00 , 8.50,4.50 ,2.50 , 9.00,3.33 ,1.67 , 6.67,3.67 ,2.00 , 7.33,3.33 ,1.67 , 7.00,2.75 ,1.25 , 5.25,2.50 ,1.25 , 5.25,2.00 ,0.80 , 4.20,2.00 ,0.80 , 4.40,1.80 ,0.80 , 4.00,3.00 ,1.33 , 6.33,2.67 ,1.00 , 6.00,2.67 ,1.00 , 6.00,2.00 ,0.75 , 4.25,1.75 ,0.75 , 4.00,2.33 ,1.00 , 5.00,2.33 ,1.00 , 4.67,1.50 ,0.75 , 3.75,2.00 ,1.00 , 5.00
Congo,1.02 ,0.87 , 1.15,0.94 ,0.80 , 1.06,0.95 ,0.81 , 1.08,0.87 ,0.74 , 0.99,0.87 ,0.73 , 1.00,0.89 ,0.74 , 1.04,1.03 ,0.85 , 1.18,1.02 ,0.84 , 1.19,1.17 ,0.95 , 1.42,1.43 ,1.15 , 1.72,1.46 ,1.14 , 1.79,1.50 ,1.13 , 1.90,1.63 ,1.20 , 2.10,1.52 ,1.07 , 2.04,1.46 ,1.00 , 2.04,1.44 ,0.95 , 2.13,1.59 ,1.01 , 2.54,1.61 ,0.97 , 2.75,1.56 ,0.90 , 2.87,1.55 ,0.86 , 3.08
Costa Rica,2.11 ,1.57 , 2.68,3.48 ,2.59 , 4.43,3.98 ,2.96 , 5.08,4.01 ,2.96 , 5.12,3.98 ,2.94 , 5.08,3.90 ,2.87 , 4.98,3.83 ,2.81 , 4.88,3.79 ,2.78 , 4.86,3.76 ,2.75 , 4.81,3.68 ,2.69 , 4.73,3.70 ,2.71 , 4.76,4.24 ,3.09 , 5.46,4.60 ,3.35 , 5.91,4.28 ,3.10 , 5.49,4.13 ,3.00 , 5.32,3.88 ,2.79 , 5.01,4.07 ,2.95 , 5.27,4.64 ,3.36 , 6.03,4.63 ,3.31 , 6.02,4.90 ,3.51 , 6.38
Croatia,8.00 ,6.57 , 9.14,8.57 ,6.86 , 10.00,8.00 ,6.50 , 9.38,7.44 ,6.22 , 8.56,7.00 ,6.00 , 7.90,7.20 ,6.30 , 8.00,6.82 ,5.91 , 7.55,6.33 ,5.42 , 7.17,6.00 ,5.00 , 6.85,5.64 ,4.50 , 6.64,6.15 ,5.00 , 7.15,6.23 ,5.08 , 7.31,5.86 ,4.64 , 6.93,5.93 ,4.36 , 7.43,6.00 ,3.86 , 7.93,6.07 ,3.21 , 8.71,5.80 ,2.27 , 9.00,5.87 ,1.40 , 9.93,5.50 ,1.38 , 9.38,5.18 ,1.29 , 8.76
Cuba,4.49 ,2.53 , 6.84,5.02 ,2.85 , 7.66,6.98 ,3.98 , 10.71,8.27 ,4.72 , 12.67,9.10 ,5.23 , 13.98,9.03 ,5.18 , 13.93,8.68 ,4.99 , 13.48,8.25 ,4.75 , 12.81,7.87 ,4.53 , 12.27,7.49 ,4.31 , 11.73,7.05 ,4.05 , 11.08,7.26 ,4.19 , 11.46,6.82 ,3.92 , 10.77,6.42 ,3.67 , 10.13,5.82 ,3.33 , 9.18,4.94 ,2.86 , 7.85,4.31 ,2.51 , 6.91,3.89 ,2.28 , 6.22,3.39 ,1.96 , 5.42,3.10 ,1.77 , 5.03
Cyprus,... ,... , ...,... ,... , ...,... ,... , ...,... ,... , ...,... ,... , ...,... ,... , ...,... ,... , ...,... ,... , ...,... ,... , ...,... ,... , ...,... ,... , ...,... ,... , ...,... ,... , ...,... ,... , ...,... ,... , ...,... ,... , ...,... ,... , ...,... ,... , ...,... ,... , ...,... ,... , ...
Czechia,... ,... , ...,... ,... , ...,... ,... , ...,... ,... , ...,... ,... , ...,... ,... , ...,... ,... , ...,... ,... , ...,... ,... , ...,... ,... , ...,... ,... , ...,... ,... , ...,... ,... , ...,... ,... , ...,... ,... , ...,... ,... , ...,... ,... , ...,... ,... , ...,... ,... , ...,... ,... , ...
CÃ´te d'Ivoire,1.05 ,0.89 , 1.22,0.92 ,0.79 , 1.06,0.85 ,0.73 , 0.98,0.81 ,0.68 , 0.94,0.75 ,0.64 , 0.86,0.72 ,0.62 , 0.85,0.76 ,0.65 , 0.88,0.76 ,0.65 , 0.90,0.76 ,0.63 , 0.89,0.78 ,0.64 , 0.94,0.82 ,0.67 , 1.00,0.79 ,0.63 , 0.96,0.76 ,0.61 , 0.93,0.72 ,0.56 , 0.88,0.70 ,0.55 , 0.86,0.72 ,0.56 , 0.89,0.72 ,0.56 , 0.93,0.69 ,0.51 , 0.91,0.69 ,0.50 , 0.97,0.68 ,0.47 , 0.95
Democratic People's Republic of Korea,... ,... , ...,... ,... , ...,... ,... , ...,... ,... , ...,... ,... , ...,... ,... , ...,... ,... , ...,... ,... , ...,... ,... , ...,... ,... , ...,... ,... , ...,... ,... , ...,... ,... , ...,... ,... , ...,... ,... , ...,... ,... , ...,... ,... , ...,... ,... , ...,... ,... , ...,... ,... , ...
Democratic Republic of the Congo,1.02 ,0.85 , 1.18,0.97 ,0.81 , 1.12,0.92 ,0.77 , 1.07,0.90 ,0.74 , 1.05,0.86 ,0.71 , 1.02,0.89 ,0.72 , 1.05,0.90 ,0.74 , 1.08,0.93 ,0.76 , 1.12,0.90 ,0.73 , 1.08,0.88 ,0.71 , 1.06,0.90 ,0.71 , 1.09,0.90 ,0.71 , 1.10,0.89 ,0.69 , 1.09,0.90 ,0.70 , 1.13,0.92 ,0.68 , 1.19,0.93 ,0.66 , 1.21,1.00 ,0.71 , 1.35,1.07 ,0.74 , 1.50,1.22 ,0.83 , 1.78,1.23 ,0.79 , 1.84
Denmark,... ,... , ...,... ,... , ...,... ,... , ...,... ,... , ...,... ,... , ...,... ,... , ...,... ,... , ...,... ,... , ...,... ,... , ...,... ,... , ...,... ,... , ...,... ,... , ...,... ,... , ...,... ,... , ...,... ,... , ...,... ,... , ...,... ,... , ...,... ,... , ...,... ,... , ...,... ,... , ...
Djibouti,2.45 ,1.31 , 4.80,1.55 ,0.86 , 3.33,1.09 ,0.64 , 2.21,0.81 ,0.49 , 1.41,0.69 ,0.41 , 1.12,0.58 ,0.36 , 0.93,0.49 ,0.31 , 0.82,0.51 ,0.32 , 0.87,0.45 ,0.28 , 0.81,0.44 ,0.27 , 0.75,0.40 ,0.24 , 0.71,0.37 ,0.22 , 0.64,0.35 ,0.20 , 0.61,0.36 ,0.21 , 0.63,0.32 ,0.18 , 0.59,0.31 ,0.17 , 0.61,0.31 ,0.17 , 0.64,0.33 ,0.17 , 0.67,0.32 ,0.16 , 0.65,0.33 ,0.17 , 0.68
Dominican Republic,1.43 ,1.10 , 1.91,1.18 ,0.92 , 1.56,1.02 ,0.81 , 1.39,0.88 ,0.69 , 1.19,0.76 ,0.60 , 1.04,0.72 ,0.56 , 0.98,0.69 ,0.54 , 0.94,0.67 ,0.52 , 0.90,0.73 ,0.56 , 0.96,0.79 ,0.61 , 1.02,0.78 ,0.61 , 1.02,0.79 ,0.61 , 1.04,0.81 ,0.62 , 1.08,0.85 ,0.64 , 1.13,0.88 ,0.65 , 1.16,0.98 ,0.69 , 1.31,1.03 ,0.70 , 1.36,1.07 ,0.69 , 1.39,1.13 ,0.71 , 1.52,1.21 ,0.74 , 1.65
Ecuador,1.74 ,1.18 , 3.12,1.67 ,1.14 , 2.91,1.48 ,1.01 , 2.57,1.27 ,0.87 , 2.34,1.34 ,0.92 , 2.51,1.44 ,0.98 , 2.70,1.43 ,0.96 , 2.66,1.47 ,0.97 , 2.77,1.72 ,1.11 , 3.28,1.86 ,1.19 , 3.66,2.13 ,1.36 , 4.15,2.25 ,1.42 , 4.23,2.38 ,1.52 , 4.44,2.11 ,1.31 , 3.91,1.86 ,1.16 , 3.46,1.97 ,1.23 , 3.67,2.33 ,1.46 , 4.41,2.67 ,1.64 , 5.15,2.85 ,1.74 , 5.53,2.99 ,1.76 , 6.01
Egypt,4.04 ,1.75 , 6.76,3.37 ,1.69 , 6.84,2.84 ,1.61 , 6.60,2.51 ,1.61 , 6.56,2.29 ,1.44 , 5.58,2.19 ,1.46 , 5.00,2.34 ,1.62 , 4.89,3.27 ,2.29 , 6.08,3.36 ,2.42 , 5.40,3.72 ,2.67 , 5.58,4.15 ,2.96 , 5.99,5.02 ,3.59 , 7.04,5.47 ,3.88 , 7.56,5.92 ,4.17 , 8.04,6.53 ,4.58 , 8.77,7.24 ,5.09 , 9.66,7.50 ,5.27 , 10.05,8.28 ,5.81 , 11.08,9.38 ,6.60 , 12.86,10.50 ,7.40 , 14.79
El Salvador,3.13 ,2.71 , 3.55,2.81 ,2.47 , 3.23,2.60 ,2.26 , 2.96,2.48 ,2.16 , 2.85,2.48 ,2.16 , 2.86,2.73 ,2.35 , 3.15,2.88 ,2.52 , 3.37,2.88 ,2.52 , 3.41,2.69 ,2.30 , 3.19,2.53 ,2.15 , 3.03,2.45 ,2.10 , 3.00,2.36 ,1.99 , 2.92,2.01 ,1.65 , 2.46,1.60 ,1.29 , 1.99,1.36 ,1.10 , 1.77,1.19 ,0.95 , 1.56,1.06 ,0.86 , 1.43,0.96 ,0.76 , 1.39,0.86 ,0.67 , 1.26,0.79 ,0.61 , 1.20
Equatorial Guinea,2.60 ,1.97 , 3.52,2.43 ,1.89 , 3.24,2.23 ,1.75 , 2.88,2.13 ,1.71 , 2.70,2.04 ,1.62 , 2.55,2.01 ,1.62 , 2.48,2.13 ,1.72 , 2.62,2.16 ,1.73 , 2.61,2.26 ,1.81 , 2.76,2.34 ,1.90 , 2.87,2.46 ,1.95 , 3.07,2.40 ,1.88 , 3.14,2.28 ,1.70 , 3.06,2.24 ,1.54 , 3.10,2.42 ,1.59 , 3.51,2.51 ,1.62 , 3.71,2.33 ,1.43 , 3.62,2.21 ,1.30 , 3.52,2.31 ,1.29 , 3.84,2.27 ,1.25 , 3.98
Eritrea,0.98 ,0.71 , 1.42,0.86 ,0.62 , 1.21,0.77 ,0.56 , 1.06,0.71 ,0.51 , 0.97,0.66 ,0.47 , 0.92,0.63 ,0.43 , 0.85,0.68 ,0.47 , 0.94,0.76 ,0.54 , 1.07,0.86 ,0.58 , 1.23,0.94 ,0.63 , 1.36,0.97 ,0.64 , 1.42,0.98 ,0.61 , 1.48,0.95 ,0.55 , 1.51,0.96 ,0.55 , 1.58,0.94 ,0.52 , 1.61,0.95 ,0.52 , 1.63,0.97 ,0.52 , 1.71,0.93 ,0.47 , 1.69,0.89 ,0.44 , 1.71,0.85 ,0.42 , 1.66
Estonia,... ,... , ...,... ,... , ...,... ,... , ...,... ,... , ...,... ,... , ...,... ,... , ...,... ,... , ...,... ,... , ...,... ,... , ...,... ,... , ...,... ,... , ...,... ,... , ...,... ,... , ...,... ,... , ...,... ,... , ...,... ,... , ...,... ,... , ...,... ,... , ...,... ,... , ...,... ,... , ...
Eswatini,2.50 ,2.25 , 2.72,2.10 ,1.92 , 2.26,1.85 ,1.72 , 1.97,1.69 ,1.59 , 1.78,1.58 ,1.49 , 1.65,1.56 ,1.47 , 1.65,1.62 ,1.52 , 1.70,1.70 ,1.59 , 1.79,1.72 ,1.60 , 1.83,1.70 ,1.57 , 1.81,1.75 ,1.63 , 1.88,1.85 ,1.72 , 1.97,2.00 ,1.84 , 2.15,2.05 ,1.87 , 2.23,2.02 ,1.83 , 2.21,1.89 ,1.69 , 2.07,1.75 ,1.52 , 1.96,1.50 ,1.26 , 1.74,1.20 ,0.95 , 1.46,1.08 ,0.85 , 1.36
Ethiopia,0.78 ,0.42 , 1.36,0.69 ,0.37 , 1.21,0.64 ,0.35 , 1.13,0.59 ,0.32 , 1.03,0.57 ,0.31 , 1.00,0.56 ,0.30 , 0.98,0.60 ,0.33 , 1.05,0.70 ,0.38 , 1.23,0.80 ,0.44 , 1.41,0.93 ,0.50 , 1.63,1.00 ,0.54 , 1.75,1.04 ,0.56 , 1.82,1.06 ,0.57 , 1.86,1.01 ,0.55 , 1.77,0.99 ,0.54 , 1.75,0.96 ,0.52 , 1.69,0.99 ,0.54 , 1.73,0.98 ,0.53 , 1.73,0.94 ,0.51 , 1.65,0.93 ,0.51 , 1.64
Fiji,3.67 ,2.50 , 13.17,3.57 ,2.43 , 12.14,3.38 ,2.38 , 10.25,3.44 ,2.44 , 8.89,3.18 ,2.27 , 7.27,3.55 ,2.45 , 7.00,4.00 ,2.73 , 7.55,4.55 ,3.18 , 8.18,4.31 ,2.92 , 7.38,4.77 ,3.08 , 8.08,4.40 ,2.87 , 7.93,4.56 ,2.88 , 8.56,4.39 ,2.72 , 8.72,4.42 ,2.63 , 9.47,3.96 ,2.30 , 8.70,3.73 ,2.19 , 8.54,3.42 ,1.94 , 8.03,3.38 ,1.85 , 7.76,3.42 ,1.78 , 7.89,3.51 ,1.73 , 8.41
Finland,... ,... , ...,... ,... , ...,... ,... , ...,... ,... , ...,... ,... , ...,... ,... , ...,... ,... , ...,... ,... , ...,... ,... , ...,... ,... , ...,... ,... , ...,... ,... , ...,... ,... , ...,... ,... , ...,... ,... , ...,... ,... , ...,... ,... , ...,... ,... , ...,... ,... , ...,... ,... , ...
France,7.39 ,6.29 , 8.70,7.72 ,6.55 , 9.06,7.99 ,6.75 , 9.46,8.81 ,7.40 , 10.51,7.65 ,6.38 , 9.14,7.12 ,5.91 , 8.55,6.00 ,4.95 , 7.22,6.12 ,5.03 , 7.37,5.71 ,4.68 , 6.87,5.36 ,4.40 , 6.48,5.05 ,4.13 , 6.08,5.27 ,4.32 , 6.35,5.37 ,4.39 , 6.45,5.68 ,4.65 , 6.79,7.26 ,5.94 , 8.70,6.41 ,5.24 , 7.68,6.20 ,5.07 , 7.48,... ,... , ...,... ,... , ...,... ,... , ...
Gabon,1.93 ,1.39 , 2.62,1.69 ,1.29 , 2.23,1.48 ,1.15 , 1.86,1.35 ,1.06 , 1.68,1.27 ,1.01 , 1.60,1.36 ,1.06 , 1.70,1.50 ,1.16 , 1.90,1.44 ,1.08 , 1.84,1.33 ,0.96 , 1.71,1.32 ,0.94 , 1.70,1.31 ,0.91 , 1.70,1.26 ,0.85 , 1.67,1.25 ,0.82 , 1.68,1.32 ,0.83 , 1.89,1.39 ,0.85 , 2.02,1.41 ,0.82 , 2.11,1.31 ,0.72 , 2.09,1.27 ,0.67 , 2.05,1.14 ,0.57 , 1.88,1.07 ,0.50 , 1.87
Gambia,3.82 ,2.81 , 5.25,3.26 ,2.44 , 4.39,2.76 ,2.07 , 3.67,2.33 ,1.79 , 3.11,2.04 ,1.58 , 2.75,1.89 ,1.47 , 2.55,1.91 ,1.48 , 2.54,1.78 ,1.38 , 2.40,1.71 ,1.29 , 2.29,1.70 ,1.29 , 2.28,1.70 ,1.26 , 2.31,1.96 ,1.44 , 2.64,2.12 ,1.58 , 2.85,2.16 ,1.59 , 2.91,1.98 ,1.46 , 2.73,1.86 ,1.32 , 2.55,1.79 ,1.25 , 2.54,1.82 ,1.25 , 2.65,1.81 ,1.19 , 2.68,1.79 ,1.19 , 2.72
Germany,... ,... , ...,... ,... , ...,... ,... , ...,... ,... , ...,... ,... , ...,... ,... , ...,... ,... , ...,... ,... , ...,... ,... , ...,... ,... , ...,... ,... , ...,... ,... , ...,... ,... , ...,... ,... , ...,... ,... , ...,... ,... , ...,... ,... , ...,... ,... , ...,... ,... , ...,... ,... , ...
Ghana,1.37 ,1.11 , 1.62,1.27 ,1.04 , 1.50,1.18 ,0.98 , 1.37,1.07 ,0.89 , 1.27,0.98 ,0.81 , 1.17,1.03 ,0.83 , 1.24,1.02 ,0.84 , 1.26,1.05 ,0.83 , 1.31,1.14 ,0.86 , 1.45,1.18 ,0.86 , 1.52,1.33 ,0.95 , 1.77,1.39 ,0.96 , 1.90,1.51 ,1.03 , 2.12,1.54 ,1.01 , 2.21,1.44 ,0.90 , 2.12,1.38 ,0.83 , 2.11,1.31 ,0.74 , 2.10,1.25 ,0.68 , 2.09,1.25 ,0.64 , 2.20,1.27 ,0.63 , 2.32
Greece,... ,... , ...,... ,... , ...,... ,... , ...,... ,... , ...,... ,... , ...,... ,... , ...,... ,... , ...,... ,... , ...,... ,... , ...,... ,... , ...,... ,... , ...,... ,... , ...,... ,... , ...,... ,... , ...,... ,... , ...,... ,... , ...,... ,... , ...,... ,... , ...,... ,... , ...,... ,... , ...
Guatemala,1.87 ,1.40 , 2.44,1.68 ,1.25 , 2.20,1.59 ,1.20 , 2.13,1.61 ,1.21 , 2.16,2.04 ,1.49 , 2.77,1.98 ,1.46 , 2.72,1.77 ,1.27 , 2.52,2.01 ,1.48 , 2.86,2.42 ,1.76 , 3.46,2.55 ,1.79 , 3.76,2.40 ,1.63 , 3.58,2.20 ,1.50 , 3.22,1.93 ,1.30 , 2.85,1.68 ,1.11 , 2.55,1.38 ,0.89 , 2.03,1.10 ,0.72 , 1.58,0.87 ,0.59 , 1.27,0.78 ,0.53 , 1.13,0.78 ,0.52 , 1.17,0.84 ,0.56 , 1.28
Guinea,1.80 ,1.44 , 2.22,1.62 ,1.31 , 1.99,1.48 ,1.19 , 1.80,1.36 ,1.10 , 1.66,1.30 ,1.04 , 1.58,1.22 ,0.98 , 1.47,1.27 ,1.03 , 1.56,1.36 ,1.09 , 1.66,1.34 ,1.10 , 1.64,1.51 ,1.23 , 1.85,1.60 ,1.30 , 1.98,1.66 ,1.31 , 2.06,1.64 ,1.30 , 2.06,1.57 ,1.18 , 2.06,1.56 ,1.19 , 2.07,1.56 ,1.20 , 2.01,1.41 ,1.07 , 1.86,1.35 ,1.01 , 1.81,1.23 ,0.89 , 1.67,1.25 ,0.90 , 1.73
Guinea-Bissau,3.67 ,3.23 , 4.36,3.04 ,2.69 , 3.61,2.49 ,2.18 , 2.93,2.08 ,1.79 , 2.41,1.76 ,1.51 , 2.00,1.55 ,1.31 , 1.73,1.39 ,1.18 , 1.57,1.38 ,1.18 , 1.55,1.40 ,1.22 , 1.57,1.49 ,1.30 , 1.67,1.46 ,1.26 , 1.66,1.45 ,1.24 , 1.66,1.48 ,1.25 , 1.69,1.50 ,1.25 , 1.74,1.36 ,1.13 , 1.58,1.30 ,1.08 , 1.52,1.24 ,1.01 , 1.47,1.26 ,1.00 , 1.49,1.25 ,1.02 , 1.50,1.16 ,0.93 , 1.43
Guyana,7.80 ,6.01 , 9.98,6.90 ,5.60 , 8.50,5.71 ,4.73 , 6.79,4.90 ,4.12 , 5.73,4.85 ,4.16 , 5.60,5.07 ,4.31 , 5.76,5.04 ,4.31 , 5.69,4.72 ,4.04 , 5.30,4.21 ,3.65 , 4.80,4.07 ,3.58 , 4.67,3.78 ,3.28 , 4.41,3.55 ,3.00 , 4.15,3.24 ,2.68 , 3.86,3.03 ,2.42 , 3.69,2.84 ,2.28 , 3.45,2.64 ,2.10 , 3.27,2.43 ,1.91 , 3.02,2.28 ,1.80 , 2.85,2.17 ,1.70 , 2.72,2.00 ,1.58 , 2.55
Haiti,0.99 ,0.88 , 1.12,1.01 ,0.91 , 1.15,0.97 ,0.87 , 1.09,0.94 ,0.85 , 1.06,0.88 ,0.79 , 1.00,0.87 ,0.78 , 0.97,0.94 ,0.85 , 1.07,1.12 ,0.99 , 1.27,1.22 ,1.08 , 1.39,1.39 ,1.22 , 1.59,1.49 ,1.31 , 1.72,1.39 ,1.20 , 1.60,1.35 ,1.15 , 1.59,1.37 ,1.13 , 1.64,1.46 ,1.20 , 1.77,1.47 ,1.18 , 1.81,1.45 ,1.15 , 1.80,1.48 ,1.13 , 1.90,1.52 ,1.12 , 2.00,1.49 ,1.09 , 2.00
Honduras,0.84 ,0.62 , 1.09,0.65 ,0.47 , 0.85,0.52 ,0.38 , 0.68,0.44 ,0.33 , 0.59,0.47 ,0.35 , 0.65,0.48 ,0.34 , 0.65,0.49 ,0.35 , 0.67,0.52 ,0.37 , 0.70,0.57 ,0.41 , 0.76,0.61 ,0.44 , 0.82,0.67 ,0.49 , 0.89,0.74 ,0.54 , 0.98,0.82 ,0.61 , 1.08,0.92 ,0.68 , 1.20,1.00 ,0.74 , 1.33,1.06 ,0.77 , 1.43,1.13 ,0.80 , 1.55,1.16 ,0.82 , 1.61,1.20 ,0.85 , 1.68,1.15 ,0.82 , 1.68
Hungary,... ,... , ...,... ,... , ...,... ,... , ...,... ,... , ...,... ,... , ...,... ,... , ...,... ,... , ...,... ,... , ...,... ,... , ...,... ,... , ...,... ,... , ...,... ,... , ...,... ,... , ...,... ,... , ...,... ,... , ...,... ,... , ...,... ,... , ...,... ,... , ...,... ,... , ...,... ,... , ...
Iceland,... ,... , ...,... ,... , ...,... ,... , ...,... ,... , ...,... ,... , ...,... ,... , ...,... ,... , ...,... ,... , ...,... ,... , ...,... ,... , ...,... ,... , ...,... ,... , ...,... ,... , ...,... ,... , ...,... ,... , ...,... ,... , ...,... ,... , ...,... ,... , ...,... ,... , ...,... ,... , ...
India,... ,... , ...,... ,... , ...,... ,... , ...,... ,... , ...,... ,... , ...,... ,... , ...,... ,... , ...,... ,... , ...,... ,... , ...,... ,... , ...,... ,... , ...,... ,... , ...,... ,... , ...,... ,... , ...,... ,... , ...,... ,... , ...,... ,... , ...,... ,... , ...,... ,... , ...,... ,... , ...
Indonesia,... ,... , ...,... ,... , ...,... ,... , ...,... ,... , ...,... ,... , ...,... ,... , ...,... ,... , ...,... ,... , ...,... ,... , ...,... ,... , ...,... ,... , ...,... ,... , ...,... ,... , ...,... ,... , ...,... ,... , ...,... ,... , ...,... ,... , ...,... ,... , ...,... ,... , ...,... ,... , ...
Iran (Islamic Republic of),8.69 ,4.16 , 14.76,7.84 ,4.51 , 12.96,6.51 ,4.27 , 10.25,5.18 ,3.51 , 7.60,4.45 ,3.01 , 6.74,3.82 ,2.50 , 5.71,3.16 ,2.07 , 4.47,2.70 ,1.77 , 3.90,2.35 ,1.55 , 3.53,2.10 ,1.33 , 3.35,1.93 ,1.11 , 3.44,1.82 ,0.95 , 3.51,1.74 ,0.81 , 3.58,1.70 ,0.72 , 3.86,1.68 ,0.64 , 4.09,1.65 ,0.60 , 4.21,1.64 ,0.52 , 4.37,1.63 ,0.49 , 4.58,1.60 ,0.47 , 4.70,1.53 ,0.46 , 4.50
Ireland,... ,... , ...,... ,... , ...,... ,... , ...,... ,... , ...,... ,... , ...,... ,... , ...,... ,... , ...,... ,... , ...,... ,... , ...,... ,... , ...,... ,... , ...,... ,... , ...,... ,... , ...,... ,... , ...,... ,... , ...,... ,... , ...,... ,... , ...,... ,... , ...,... ,... , ...,... ,... , ...
Israel,... ,... , ...,... ,... , ...,... ,... , ...,... ,... , ...,... ,... , ...,... ,... , ...,... ,... , ...,... ,... , ...,... ,... , ...,... ,... , ...,... ,... , ...,... ,... , ...,... ,... , ...,... ,... , ...,... ,... , ...,... ,... , ...,... ,... , ...,... ,... , ...,... ,... , ...,... ,... , ...
Italy,3.85 ,2.70 , 6.24,4.33 ,3.03 , 6.91,4.62 ,3.13 , 7.27,4.69 ,2.99 , 7.22,4.61 ,2.76 , 7.07,4.40 ,2.52 , 6.70,4.13 ,2.24 , 6.46,3.79 ,1.84 , 6.15,3.49 ,1.56 , 5.98,3.68 ,1.52 , 6.54,3.64 ,1.39 , 6.69,3.43 ,1.22 , 6.47,3.20 ,1.06 , 6.42,3.01 ,0.90 , 6.35,2.82 ,0.75 , 6.23,2.62 ,0.71 , 6.06,2.40 ,0.69 , 5.83,2.19 ,0.66 , 5.66,2.01 ,0.56 , 5.55,1.86 ,0.48 , 5.74
Jamaica,1.65 ,1.27 , 2.48,1.50 ,1.15 , 2.21,1.08 ,0.82 , 1.56,1.10 ,0.83 , 1.59,1.10 ,0.82 , 1.65,1.13 ,0.85 , 1.73,1.39 ,1.04 , 2.17,1.44 ,1.06 , 2.23,1.52 ,1.10 , 2.37,1.67 ,1.20 , 2.61,1.81 ,1.30 , 2.85,1.74 ,1.24 , 2.74,1.68 ,1.21 , 2.66,1.67 ,1.19 , 2.66,1.60 ,1.14 , 2.60,1.62 ,1.15 , 2.65,1.59 ,1.13 , 2.61,1.56 ,1.09 , 2.57,1.48 ,1.02 , 2.46,1.40 ,0.97 , 2.34
Japan,... ,... , ...,... ,... , ...,... ,... , ...,... ,... , ...,... ,... , ...,... ,... , ...,... ,... , ...,... ,... , ...,... ,... , ...,... ,... , ...,... ,... , ...,... ,... , ...,... ,... , ...,... ,... , ...,... ,... , ...,... ,... , ...,... ,... , ...,... ,... , ...,... ,... , ...,... ,... , ...
Jordan,... ,... , ...,... ,... , ...,... ,... , ...,... ,... , ...,... ,... , ...,... ,... , ...,... ,... , ...,... ,... , ...,... ,... , ...,... ,... , ...,... ,... , ...,... ,... , ...,... ,... , ...,... ,... , ...,... ,... , ...,... ,... , ...,... ,... , ...,... ,... , ...,... ,... , ...,... ,... , ...
Kazakhstan,3.07 ,2.65 , 3.92,3.10 ,2.71 , 3.68,3.10 ,2.76 , 3.62,3.15 ,2.81 , 3.62,3.17 ,2.83 , 3.58,3.25 ,2.87 , 3.63,3.78 ,3.39 , 4.18,3.54 ,3.18 , 3.90,3.59 ,3.20 , 3.94,3.49 ,3.11 , 3.80,3.37 ,3.01 , 3.66,3.42 ,3.05 , 3.70,3.68 ,3.33 , 4.04,4.00 ,3.63 , 4.43,4.44 ,4.02 , 4.98,4.79 ,4.29 , 5.45,4.91 ,4.37 , 5.68,5.15 ,4.54 , 6.09,5.13 ,4.45 , 6.16,7.59 ,6.46 , 9.23
Kenya,1.00 ,0.65 , 1.55,0.89 ,0.58 , 1.38,0.82 ,0.53 , 1.26,0.76 ,0.49 , 1.18,0.73 ,0.47 , 1.13,0.78 ,0.50 , 1.20,0.85 ,0.55 , 1.31,0.97 ,0.63 , 1.50,1.00 ,0.65 , 1.55,1.13 ,0.73 , 1.75,1.23 ,0.80 , 1.91,1.23 ,0.80 , 1.91,1.33 ,0.86 , 2.06,1.38 ,0.90 , 2.14,1.33 ,0.86 , 2.06,1.25 ,0.81 , 1.93,1.26 ,0.81 , 1.95,1.28 ,0.83 , 1.98,1.25 ,0.81 , 1.93,1.30 ,0.84 , 2.01
Kuwait,... ,... , ...,... ,... , ...,... ,... , ...,... ,... , ...,... ,... , ...,... ,... , ...,... ,... , ...,... ,... , ...,... ,... , ...,... ,... , ...,... ,... , ...,... ,... , ...,... ,... , ...,... ,... , ...,... ,... , ...,... ,... , ...,... ,... , ...,... ,... , ...,... ,... , ...,... ,... , ...
Kyrgyzstan,1.87 ,<0.01 , <0.01,2.17 ,<0.01 , <0.01,2.49 ,<0.01 , <0.01,2.83 ,<0.01 , <0.01,3.17 ,3.17 , 3.17,3.62 ,3.62 , 3.62,4.41 ,4.41 , 4.41,4.35 ,4.35 , 4.35,4.06 ,4.06 , 4.06,4.12 ,4.12 , 4.12,4.58 ,4.58 , 4.58,4.58 ,4.58 , 4.58,4.37 ,4.37 , 4.37,4.17 ,4.17 , 4.17,4.86 ,4.86 , 4.86,5.69 ,5.69 , 5.69,5.38 ,5.38 , 5.38,4.85 ,4.85 , 4.85,4.37 ,4.37 , 4.37,3.91 ,3.91 , 3.91
Lao People's Democratic Republic,6.60 ,5.92 , 7.31,6.54 ,5.88 , 7.22,5.54 ,5.00 , 6.13,4.62 ,4.16 , 5.12,3.82 ,3.44 , 4.23,3.70 ,3.33 , 4.07,3.48 ,3.13 , 3.84,3.46 ,3.12 , 3.83,3.26 ,2.93 , 3.60,3.03 ,2.72 , 3.35,3.02 ,2.71 , 3.34,2.81 ,2.50 , 3.10,2.49 ,2.23 , 2.75,2.34 ,2.08 , 2.57,2.18 ,1.95 , 2.40,2.11 ,1.88 , 2.32,2.07 ,1.84 , 2.26,2.03 ,1.81 , 2.23,2.09 ,1.86 , 2.28,2.17 ,1.94 , 2.38
Latvia,3.07 ,1.80 , 4.24,3.23 ,1.90 , 4.47,2.84 ,1.66 , 3.93,2.50 ,1.46 , 3.45,2.33 ,1.36 , 3.21,2.08 ,1.21 , 2.87,1.91 ,1.12 , 2.64,1.98 ,1.16 , 2.73,2.28 ,1.34 , 3.15,2.11 ,1.24 , 2.92,2.05 ,1.20 , 2.83,1.95 ,1.15 , 2.70,1.89 ,1.10 , 2.60,1.82 ,1.07 , 2.52,1.76 ,1.03 , 2.42,1.69 ,0.99 , 2.34,1.81 ,1.06 , 2.50,3.40 ,2.00 , 4.69,3.96 ,2.33 , 5.46,3.97 ,2.32 , 5.47
Lebanon,1.94 ,1.19 , 3.06,2.34 ,1.47 , 3.78,2.58 ,1.61 , 4.13,2.83 ,1.73 , 4.50,3.03 ,1.81 , 4.94,3.09 ,1.91 , 5.06,3.09 ,1.85 , 5.03,3.00 ,1.78 , 5.14,3.08 ,1.84 , 5.24,3.11 ,1.79 , 5.16,3.18 ,1.79 , 5.54,2.95 ,1.66 , 5.00,3.50 ,1.89 , 6.18,3.57 ,1.81 , 6.30,3.36 ,1.72 , 5.94,3.33 ,1.60 , 5.96,3.23 ,1.47 , 5.90,3.28 ,1.37 , 6.30,3.18 ,1.08 , 6.05,3.03 ,0.95 , 6.22
Lesotho,2.44 ,2.17 , 2.72,1.94 ,1.70 , 2.18,1.61 ,1.43 , 1.81,1.41 ,1.23 , 1.59,1.27 ,1.11 , 1.42,1.21 ,1.05 , 1.34,1.27 ,1.11 , 1.40,1.42 ,1.28 , 1.54,1.72 ,1.58 , 1.87,1.83 ,1.66 , 1.98,1.85 ,1.63 , 2.03,1.83 ,1.61 , 2.01,1.89 ,1.66 , 2.07,1.91 ,1.67 , 2.11,1.86 ,1.62 , 2.07,1.76 ,1.53 , 1.99,1.71 ,1.48 , 1.93,1.43 ,1.23 , 1.63,1.27 ,1.08 , 1.48,1.18 ,1.01 , 1.40
Liberia,1.16 ,0.96 , 1.42,1.02 ,0.87 , 1.21,0.92 ,0.79 , 1.08,0.83 ,0.71 , 0.98,0.79 ,0.68 , 0.95,0.77 ,0.66 , 0.94,0.77 ,0.65 , 0.93,0.82 ,0.68 , 1.01,0.83 ,0.67 , 1.02,0.84 ,0.67 , 1.06,0.86 ,0.67 , 1.08,0.88 ,0.68 , 1.13,0.91 ,0.69 , 1.20,0.90 ,0.68 , 1.22,0.88 ,0.65 , 1.20,0.82 ,0.60 , 1.15,0.79 ,0.57 , 1.15,0.82 ,0.58 , 1.20,0.86 ,0.59 , 1.29,0.97 ,0.65 , 1.49
Libya,12.11 ,8.50 , 16.06,15.21 ,10.63 , 20.11,15.17 ,10.58 , 20.04,12.78 ,8.94 , 16.91,12.28 ,8.55 , 16.30,11.78 ,8.20 , 15.65,10.68 ,7.46 , 14.20,9.63 ,6.73 , 12.80,8.99 ,6.29 , 11.93,8.00 ,5.59 , 10.63,7.55 ,5.30 , 10.07,7.49 ,5.24 , 9.94,6.71 ,4.70 , 8.88,5.76 ,4.03 , 7.65,5.05 ,3.55 , 6.71,4.48 ,3.15 , 5.92,3.87 ,2.69 , 5.18,3.01 ,2.10 , 4.02,2.16 ,1.51 , 2.89,1.59 ,1.09 , 2.12
Lithuania,3.07 ,2.59 , 3.55,7.80 ,6.59 , 9.04,2.71 ,2.29 , 3.14,2.65 ,2.23 , 3.08,2.92 ,2.46 , 3.37,2.84 ,2.39 , 3.28,2.58 ,2.17 , 2.99,2.44 ,2.06 , 2.83,2.42 ,2.04 , 2.81,2.46 ,2.08 , 2.87,2.36 ,2.00 , 2.75,2.22 ,1.89 , 2.59,2.36 ,2.01 , 2.76,2.57 ,2.19 , 3.01,3.16 ,2.68 , 3.71,3.03 ,2.57 , 3.56,2.73 ,2.32 , 3.20,2.80 ,2.37 , 3.29,2.86 ,2.42 , 3.35,3.17 ,2.69 , 3.71
Luxembourg,... ,... , ...,... ,... , ...,... ,... , ...,... ,... , ...,... ,... , ...,... ,... , ...,... ,... , ...,... ,... , ...,... ,... , ...,... ,... , ...,... ,... , ...,... ,... , ...,... ,... , ...,... ,... , ...,... ,... , ...,... ,... , ...,... ,... , ...,... ,... , ...,... ,... , ...,... ,... , ...
Madagascar,5.30 ,3.15 , 7.97,4.52 ,2.88 , 6.29,3.96 ,2.68 , 5.52,3.70 ,2.55 , 5.28,3.53 ,2.43 , 4.81,3.54 ,2.51 , 4.85,3.57 ,2.60 , 4.81,3.84 ,2.83 , 5.08,4.02 ,2.95 , 5.18,4.15 ,3.17 , 5.17,4.32 ,3.26 , 5.28,4.45 ,3.52 , 5.44,4.56 ,3.73 , 5.49,4.36 ,3.65 , 5.44,4.36 ,3.59 , 5.42,4.33 ,3.51 , 5.44,4.22 ,3.34 , 5.49,3.99 ,3.00 , 5.43,3.84 ,2.77 , 5.35,3.84 ,2.56 , 5.48
Malawi,1.24 ,1.15 , 1.33,1.13 ,1.05 , 1.20,1.04 ,0.97 , 1.10,0.97 ,0.91 , 1.03,0.92 ,0.86 , 0.98,0.90 ,0.84 , 0.96,0.93 ,0.87 , 0.99,1.01 ,0.94 , 1.07,1.11 ,1.02 , 1.19,1.29 ,1.20 , 1.40,1.44 ,1.34 , 1.55,1.50 ,1.39 , 1.62,1.60 ,1.47 , 1.74,1.80 ,1.64 , 1.99,1.92 ,1.73 , 2.11,1.93 ,1.74 , 2.13,1.91 ,1.71 , 2.11,1.81 ,1.60 , 2.01,1.74 ,1.50 , 1.98,1.64 ,1.38 , 1.89
Malaysia,2.12 ,1.83 , 2.40,2.03 ,1.76 , 2.30,2.11 ,1.84 , 2.38,2.17 ,1.91 , 2.44,2.15 ,1.90 , 2.42,2.10 ,1.87 , 2.35,2.06 ,1.84 , 2.29,1.99 ,1.79 , 2.20,1.93 ,1.74 , 2.12,1.88 ,1.71 , 2.05,1.78 ,1.61 , 1.93,1.67 ,1.52 , 1.82,1.62 ,1.48 , 1.76,1.49 ,1.36 , 1.63,1.39 ,1.26 , 1.52,1.40 ,1.25 , 1.53,1.59 ,1.42 , 1.76,1.88 ,1.66 , 2.09,2.05 ,1.79 , 2.29,2.13 ,1.86 , 2.40
Maldives,... ,... , ...,... ,... , ...,... ,... , ...,... ,... , ...,... ,... , ...,... ,... , ...,... ,... , ...,,,,,,,,,,,,,... ,... , ...,... ,... , ...,... ,... , ...,... ,... , ...,,,,,,,,,,,,,,,
Mali,... ,... , ...,... ,... , ...,... ,... , ...,... ,... , ...,... ,... , ...,... ,... , ...,... ,... , ...,... ,... , ...,... ,... , ...,... ,... , ...,... ,... , ...,... ,... , ...,... ,... , ...,... ,... , ...,... ,... , ...,... ,... , ...,... ,... , ...,... ,... , ...,... ,... , ...,... ,... , ...
Malta,... ,... , ...,... ,... , ...,... ,... , ...,... ,... , ...,... ,... , ...,... ,... , ...,... ,... , ...,... ,... , ...,... ,... , ...,... ,... , ...,... ,... , ...,... ,... , ...,... ,... , ...,... ,... , ...,... ,... , ...,... ,... , ...,... ,... , ...,... ,... , ...,... ,... , ...,... ,... , ...
Mauritania,... ,... , ...,... ,... , ...,... ,... , ...,... ,... , ...,... ,... , ...,... ,... , ...,... ,... , ...,... ,... , ...,... ,... , ...,... ,... , ...,... ,... , ...,... ,... , ...,... ,... , ...,... ,... , ...,... ,... , ...,... ,... , ...,... ,... , ...,... ,... , ...,... ,... , ...,... ,... , ...
Mauritius,... ,... , ...,... ,... , ...,... ,... , ...,... ,... , ...,... ,... , ...,... ,... , ...,... ,... , ...,... ,... , ...,... ,... , ...,... ,... , ...,... ,... , ...,... ,... , ...,... ,... , ...,... ,... , ...,... ,... , ...,... ,... , ...,... ,... , ...,... ,... , ...,... ,... , ...,... ,... , ...
Mexico,... ,... , ...,... ,... , ...,... ,... , ...,... ,... , ...,... ,... , ...,... ,... , ...,... ,... , ...,... ,... , ...,... ,... , ...,... ,... , ...,... ,... , ...,... ,... , ...,... ,... , ...,... ,... , ...,... ,... , ...,... ,... , ...,... ,... , ...,... ,... , ...,... ,... , ...,... ,... , ...
Mongolia,13.00 ,12.00 , 15.00,20.00 ,17.00 , 21.00,14.50 ,13.00 , 16.00,13.00 ,11.33 , 14.00,13.50 ,11.75 , 14.25,9.00 ,8.17 , 9.50,5.75 ,5.25 , 6.38,4.20 ,3.70 , 4.60,3.92 ,3.42 , 4.25,3.27 ,3.00 , 3.67,2.89 ,2.67 , 3.22,2.79 ,2.47 , 3.00,2.70 ,2.40 , 2.90,2.52 ,2.33 , 2.81,2.22 ,2.04 , 2.39,2.00 ,1.83 , 2.22,2.00 ,1.82 , 2.23,2.18 ,1.95 , 2.36,1.84 ,1.64 , 2.04,1.60 ,1.44 , 1.72
Montenegro,4.00 ,1.00 , 9.00,5.00 ,1.00 , 10.00,5.00 ,1.00 , 12.00,6.00 ,2.00 , 14.00,7.00 ,2.00 , 16.00,9.00 ,2.00 , 19.00,11.00 ,2.00 , 24.00,13.00 ,3.00 , 29.00,15.00 ,4.00 , 34.00,18.00 ,5.00 , 41.00,10.00 ,3.00 , 23.00,11.50 ,3.00 , 25.00,12.50 ,3.50 , 27.50,13.50 ,4.00 , 29.50,14.50 ,4.00 , 30.00,10.00 ,3.00 , 21.00,10.67 ,3.00 , 22.00,11.00 ,2.67 , 23.67,8.25 ,1.75 , 18.75,8.50 ,1.50 , 21.25
Morocco,2.76 ,2.08 , 3.64,2.57 ,1.95 , 3.42,2.38 ,1.80 , 3.18,2.31 ,1.76 , 3.08,2.80 ,2.17 , 3.86,2.84 ,2.17 , 3.89,2.62 ,2.01 , 3.56,2.40 ,1.83 , 3.30,2.25 ,1.70 , 3.07,2.25 ,1.71 , 3.11,2.16 ,1.64 , 2.97,2.07 ,1.55 , 2.86,2.14 ,1.60 , 3.00,2.35 ,1.75 , 3.32,2.54 ,1.93 , 3.67,2.52 ,1.87 , 3.63,2.36 ,1.74 , 3.44,2.41 ,1.75 , 3.52,2.50 ,1.83 , 3.66,2.52 ,1.82 , 3.71
Mozambique,3.07 ,1.95 , 4.78,2.75 ,1.74 , 4.29,2.44 ,1.55 , 3.80,2.18 ,1.38 , 3.40,2.01 ,1.27 , 3.13,1.86 ,1.18 , 2.91,1.80 ,1.14 , 2.81,1.80 ,1.14 , 2.80,1.97 ,1.25 , 3.07,2.07 ,1.31 , 3.22,2.09 ,1.33 , 3.26,2.02 ,1.28 , 3.14,1.94 ,1.23 , 3.03,1.91 ,1.21 , 2.98,1.90 ,1.21 , 2.96,1.99 ,1.26 , 3.11,2.05 ,1.30 , 3.19,1.99 ,1.27 , 3.11,1.96 ,1.24 , 3.05,1.96 ,1.24 , 3.05
Myanmar,4.49 ,4.00 , 5.03,3.80 ,3.40 , 4.25,3.18 ,2.84 , 3.54,2.69 ,2.40 , 2.99,2.34 ,2.09 , 2.59,2.04 ,1.82 , 2.26,1.80 ,1.61 , 2.00,1.69 ,1.51 , 1.88,1.59 ,1.42 , 1.76,1.46 ,1.30 , 1.62,1.33 ,1.19 , 1.48,1.27 ,1.13 , 1.41,1.29 ,1.15 , 1.42,1.30 ,1.16 , 1.43,1.28 ,1.14 , 1.41,1.26 ,1.13 , 1.39,1.24 ,1.10 , 1.36,1.21 ,1.08 , 1.33,1.19 ,1.05 , 1.31,1.18 ,1.04 , 1.30
Namibia,2.13 ,1.89 , 2.44,1.74 ,1.52 , 1.96,1.46 ,1.29 , 1.62,1.27 ,1.11 , 1.39,1.18 ,1.04 , 1.27,1.20 ,1.10 , 1.28,1.29 ,1.18 , 1.38,1.42 ,1.29 , 1.52,1.52 ,1.36 , 1.65,1.66 ,1.46 , 1.82,1.74 ,1.51 , 1.94,1.80 ,1.55 , 2.02,1.81 ,1.56 , 2.02,1.87 ,1.61 , 2.10,1.78 ,1.52 , 2.03,1.77 ,1.49 , 2.03,1.60 ,1.35 , 1.84,1.64 ,1.39 , 1.93,1.50 ,1.26 , 1.79,1.43 ,1.19 , 1.72
Nepal,9.25 ,8.31 , 10.08,6.38 ,5.73 , 6.96,4.76 ,4.27 , 5.20,3.65 ,3.29 , 3.99,2.80 ,2.52 , 3.06,2.29 ,2.06 , 2.49,1.85 ,1.67 , 2.02,1.58 ,1.42 , 1.72,1.50 ,1.35 , 1.64,1.50 ,1.35 , 1.65,1.36 ,1.23 , 1.49,1.23 ,1.11 , 1.35,1.22 ,1.09 , 1.33,1.12 ,1.00 , 1.23,1.08 ,0.97 , 1.19,1.05 ,0.94 , 1.15,0.99 ,0.89 , 1.09,0.90 ,0.80 , 0.99,0.87 ,0.78 , 0.95,0.87 ,0.78 , 0.96
Netherlands,6.16 ,5.73 , 6.66,5.57 ,5.26 , 5.92,5.23 ,4.98 , 5.52,4.93 ,4.64 , 5.28,4.71 ,4.39 , 5.06,4.69 ,4.37 , 5.04,4.80 ,4.55 , 5.10,4.68 ,4.43 , 4.96,4.56 ,4.31 , 4.86,4.43 ,4.19 , 4.71,4.26 ,4.01 , 4.54,4.07 ,3.84 , 4.35,3.75 ,3.51 , 4.03,3.36 ,3.09 , 3.69,3.05 ,2.76 , 3.39,2.67 ,2.44 , 2.93,2.24 ,2.02 , 2.50,1.77 ,1.41 , 2.17,1.23 ,0.61 , 1.94,1.20 ,0.59 , 1.88
New Zealand,3.31 ,2.04 , 4.69,3.59 ,2.33 , 5.15,4.04 ,2.59 , 5.78,4.62 ,3.00 , 6.65,5.00 ,3.23 , 7.27,5.31 ,3.46 , 8.00,5.37 ,3.48 , 8.22,5.36 ,3.39 , 8.36,5.31 ,3.17 , 8.41,5.23 ,2.90 , 8.03,5.89 ,3.04 , 9.33,5.93 ,3.00 , 9.85,5.96 ,2.93 , 9.56,5.93 ,2.96 , 10.15,5.93 ,2.78 , 10.67,5.61 ,2.71 , 11.11,5.46 ,2.61 , 11.50,4.97 ,2.10 , 11.20,4.65 ,1.61 , 10.71,4.31 ,1.25 , 11.16
Nicaragua,6.36 ,3.92 , 10.69,5.00 ,3.23 , 8.12,3.53 ,2.47 , 5.78,2.64 ,1.97 , 4.20,2.38 ,1.82 , 3.49,2.23 ,1.68 , 2.99,2.29 ,1.77 , 3.01,2.39 ,1.85 , 3.10,2.44 ,1.89 , 3.16,2.23 ,1.68 , 2.91,1.98 ,1.43 , 2.78,1.80 ,1.24 , 2.54,1.88 ,1.28 , 2.66,1.98 ,1.30 , 2.77,1.91 ,1.22 , 2.71,1.86 ,1.19 , 2.67,1.86 ,1.20 , 2.74,1.90 ,1.22 , 2.86,1.96 ,1.25 , 2.96,2.10 ,1.35 , 3.24
Niger,1.83 ,1.48 , 2.25,1.55 ,1.23 , 1.89,1.29 ,1.04 , 1.59,1.13 ,0.90 , 1.37,0.95 ,0.75 , 1.15,0.87 ,0.70 , 1.05,0.77 ,0.63 , 0.93,0.74 ,0.59 , 0.90,0.67 ,0.53 , 0.83,0.64 ,0.51 , 0.81,0.61 ,0.48 , 0.84,0.69 ,0.55 , 0.95,0.75 ,0.61 , 1.04,0.81 ,0.65 , 1.11,0.79 ,0.63 , 1.11,0.75 ,0.60 , 1.02,0.61 ,0.47 , 0.88,0.79 ,0.62 , 1.11,0.88 ,0.70 , 1.26,0.93 ,0.73 , 1.36
Nigeria,1.74 ,1.03 , 2.95,1.56 ,0.92 , 2.64,1.43 ,0.85 , 2.43,1.34 ,0.80 , 2.28,1.32 ,0.78 , 2.25,1.34 ,0.79 , 2.27,1.32 ,0.78 , 2.24,1.38 ,0.82 , 2.35,1.38 ,0.82 , 2.34,1.42 ,0.84 , 2.41,1.44 ,0.85 , 2.45,1.41 ,0.84 , 2.40,1.48 ,0.88 , 2.51,1.59 ,0.94 , 2.69,1.69 ,1.01 , 2.88,1.76 ,1.04 , 2.98,1.72 ,1.02 , 2.93,1.70 ,1.01 , 2.89,1.70 ,1.01 , 2.89,1.65 ,0.98 , 2.80
North Macedonia,... ,... , ...,... ,... , ...,... ,... , ...,... ,... , ...,... ,... , ...,... ,... , ...,... ,... , ...,... ,... , ...,... ,... , ...,... ,... , ...,... ,... , ...,... ,... , ...,... ,... , ...,... ,... , ...,... ,... , ...,... ,... , ...,... ,... , ...,... ,... , ...,... ,... , ...,... ,... , ...
Norway,... ,... , ...,... ,... , ...,... ,... , ...,... ,... , ...,... ,... , ...,... ,... , ...,... ,... , ...,... ,... , ...,... ,... , ...,... ,... , ...,... ,... , ...,... ,... , ...,... ,... , ...,... ,... , ...,... ,... , ...,... ,... , ...,... ,... , ...,... ,... , ...,... ,... , ...,... ,... , ...
Oman,1.63 ,1.28 , 2.73,2.67 ,2.11 , 4.48,2.31 ,1.83 , 3.83,1.82 ,1.45 , 2.98,1.53 ,1.21 , 2.45,1.35 ,1.07 , 2.08,1.26 ,0.98 , 1.89,1.23 ,0.96 , 1.77,1.39 ,1.05 , 1.90,1.67 ,1.24 , 2.29,1.95 ,1.42 , 2.64,2.02 ,1.45 , 2.72,2.00 ,1.42 , 2.78,2.03 ,1.42 , 2.78,2.44 ,1.66 , 3.32,2.58 ,1.73 , 3.48,2.36 ,1.55 , 3.23,2.44 ,1.56 , 3.38,3.00 ,1.88 , 4.23,3.33 ,2.05 , 4.77
Pakistan,8.47 ,7.40 , 9.60,8.75 ,7.60 , 9.85,9.36 ,8.24 , 10.48,12.86 ,11.36 , 14.36,35.50 ,30.17 , 40.57,62.83 ,52.14 , 72.34,28.09 ,23.75 , 31.97,20.59 ,17.52 , 23.35,16.92 ,14.56 , 19.11,12.92 ,11.27 , 14.55,8.94 ,7.86 , 9.93,6.79 ,6.05 , 7.49,5.41 ,4.84 , 5.94,4.64 ,4.18 , 5.07,3.99 ,3.60 , 4.35,3.70 ,3.35 , 4.02,3.42 ,3.10 , 3.69,3.22 ,2.92 , 3.48,3.26 ,2.96 , 3.52,3.33 ,3.02 , 3.61
Panama,... ,... , ...,... ,... , ...,... ,... , ...,... ,... , ...,... ,... , ...,... ,... , ...,... ,... , ...,... ,... , ...,... ,... , ...,... ,... , ...,... ,... , ...,... ,... , ...,... ,... , ...,... ,... , ...,... ,... , ...,... ,... , ...,... ,... , ...,... ,... , ...,... ,... , ...,... ,... , ...
Papua New Guinea,9.00 ,7.58 , 10.47,7.55 ,6.59 , 8.67,6.10 ,5.31 , 6.94,4.75 ,4.22 , 5.47,3.59 ,3.18 , 4.13,2.74 ,2.43 , 3.16,2.30 ,2.04 , 2.63,2.31 ,2.04 , 2.64,2.52 ,2.24 , 2.87,2.60 ,2.31 , 2.95,2.61 ,2.33 , 2.91,2.51 ,2.24 , 2.81,2.53 ,2.25 , 2.85,2.73 ,2.41 , 3.08,3.05 ,2.70 , 3.46,3.36 ,2.95 , 3.83,3.44 ,3.00 , 3.91,3.47 ,3.01 , 4.00,3.46 ,2.96 , 4.06,3.40 ,2.86 , 4.10
Paraguay,4.99 ,3.05 , 8.44,3.85 ,2.49 , 6.36,3.01 ,2.06 , 4.79,1.94 ,1.29 , 3.07,1.47 ,1.00 , 2.37,1.29 ,0.89 , 2.15,1.40 ,0.97 , 2.52,1.30 ,0.91 , 2.29,1.30 ,0.90 , 2.13,1.48 ,1.03 , 2.38,1.45 ,1.00 , 2.27,1.46 ,1.01 , 2.32,1.31 ,0.91 , 2.04,1.29 ,0.90 , 2.03,1.34 ,0.92 , 2.10,1.39 ,0.92 , 2.15,1.25 ,0.83 , 1.94,1.14 ,0.72 , 1.79,1.40 ,0.88 , 2.22,1.67 ,1.06 , 2.66
Peru,0.91 ,0.75 , 1.08,0.92 ,0.76 , 1.09,0.93 ,0.76 , 1.11,1.01 ,0.83 , 1.21,1.09 ,0.91 , 1.32,1.10 ,0.89 , 1.31,1.30 ,1.08 , 1.52,1.48 ,1.21 , 1.76,1.70 ,1.29 , 2.03,1.89 ,1.35 , 2.33,2.38 ,1.74 , 3.00,2.97 ,2.19 , 3.80,3.23 ,2.38 , 4.14,3.33 ,2.47 , 4.29,3.27 ,2.46 , 4.19,3.02 ,2.26 , 3.93,2.58 ,1.92 , 3.42,2.63 ,1.95 , 3.58,2.67 ,1.95 , 3.67,2.63 ,1.89 , 3.63
Philippines,6.35 ,5.37 , 7.23,6.40 ,5.36 , 7.35,6.97 ,5.89 , 7.99,7.12 ,6.01 , 8.17,7.13 ,5.96 , 8.21,7.42 ,6.18 , 8.56,8.44 ,6.98 , 9.78,9.88 ,8.19 , 11.45,10.05 ,8.31 , 11.66,12.34 ,10.27 , 14.04,12.53 ,10.44 , 14.21,9.76 ,8.13 , 11.27,10.02 ,8.30 , 11.59,10.33 ,8.54 , 11.96,10.10 ,8.35 , 11.71,9.77 ,8.08 , 11.31,9.13 ,7.53 , 10.56,8.93 ,7.38 , 10.33,8.61 ,7.12 , 9.94,8.47 ,7.00 , 9.78
Poland,... ,... , ...,... ,... , ...,... ,... , ...,... ,... , ...,... ,... , ...,... ,... , ...,... ,... , ...,... ,... , ...,... ,... , ...,... ,... , ...,... ,... , ...,... ,... , ...,... ,... , ...,... ,... , ...,... ,... , ...,... ,... , ...,... ,... , ...,... ,... , ...,... ,... , ...,... ,... , ...
Portugal,... ,... , ...,... ,... , ...,... ,... , ...,... ,... , ...,... ,... , ...,... ,... , ...,... ,... , ...,... ,... , ...,... ,... , ...,... ,... , ...,... ,... , ...,... ,... , ...,... ,... , ...,... ,... , ...,... ,... , ...,... ,... , ...,... ,... , ...,... ,... , ...,... ,... , ...,... ,... , ...
Qatar,... ,... , ...,... ,... , ...,... ,... , ...,... ,... , ...,... ,... , ...,... ,... , ...,... ,... , ...,... ,... , ...,... ,... , ...,... ,... , ...,... ,... , ...,... ,... , ...,... ,... , ...,... ,... , ...,... ,... , ...,... ,... , ...,... ,... , ...,... ,... , ...,... ,... , ...,... ,... , ...
Republic of Korea,... ,... , ...,... ,... , ...,... ,... , ...,... ,... , ...,... ,... , ...,... ,... , ...,... ,... , ...,... ,... , ...,... ,... , ...,... ,... , ...,... ,... , ...,... ,... , ...,... ,... , ...,... ,... , ...,... ,... , ...,... ,... , ...,... ,... , ...,... ,... , ...,... ,... , ...,... ,... , ...
Republic of Moldova,6.53 ,4.79 , 8.91,4.23 ,3.10 , 5.78,3.32 ,2.43 , 4.52,2.92 ,2.14 , 3.98,2.72 ,1.99 , 3.71,2.73 ,2.00 , 3.72,2.71 ,1.99 , 3.70,2.74 ,2.01 , 3.74,2.72 ,1.99 , 3.71,2.64 ,1.94 , 3.61,2.44 ,1.79 , 3.33,2.23 ,1.63 , 3.04,2.12 ,1.55 , 2.89,1.92 ,1.40 , 2.62,1.77 ,1.29 , 2.41,1.70 ,1.25 , 2.32,1.72 ,1.26 , 2.35,1.70 ,1.24 , 2.31,1.71 ,1.25 , 2.33,1.75 ,1.28 , 2.39
Romania,2.78 ,2.54 , 3.06,2.72 ,2.47 , 3.02,2.71 ,2.42 , 3.09,2.92 ,2.55 , 3.37,3.26 ,2.78 , 3.83,3.65 ,3.06 , 4.37,3.97 ,3.29 , 4.85,4.02 ,3.30 , 5.00,3.97 ,3.24 , 4.97,3.87 ,3.14 , 4.92,4.22 ,3.40 , 5.41,4.07 ,3.25 , 5.30,3.56 ,2.80 , 4.64,2.89 ,2.26 , 3.79,2.47 ,1.94 , 3.27,2.50 ,1.96 , 3.30,2.73 ,2.14 , 3.61,2.67 ,2.09 , 3.51,2.47 ,1.93 , 3.23,2.31 ,1.80 , 3.03
Russian Federation,... ,... , ...,... ,... , ...,... ,... , ...,... ,... , ...,... ,... , ...,... ,... , ...,... ,... , ...,... ,... , ...,... ,... , ...,... ,... , ...,... ,... , ...,... ,... , ...,... ,... , ...,... ,... , ...,... ,... , ...,... ,... , ...,... ,... , ...,... ,... , ...,... ,... , ...,... ,... , ...
Rwanda,1.42 ,1.28 , 1.59,1.28 ,1.16 , 1.42,1.14 ,1.06 , 1.27,0.93 ,0.86 , 1.02,0.85 ,0.77 , 0.94,0.93 ,0.84 , 1.02,1.15 ,1.05 , 1.28,1.31 ,1.16 , 1.45,1.38 ,1.23 , 1.55,1.50 ,1.29 , 1.69,1.59 ,1.34 , 1.77,1.55 ,1.25 , 1.75,1.56 ,1.24 , 1.81,1.50 ,1.18 , 1.79,1.47 ,1.16 , 1.78,1.45 ,1.11 , 1.77,1.45 ,1.11 , 1.81,1.36 ,1.04 , 1.75,1.36 ,1.00 , 1.79,1.29 ,0.91 , 1.75
Saudi Arabia,... ,... , ...,... ,... , ...,... ,... , ...,... ,... , ...,... ,... , ...,... ,... , ...,... ,... , ...,... ,... , ...,... ,... , ...,... ,... , ...,... ,... , ...,... ,... , ...,... ,... , ...,... ,... , ...,... ,... , ...,... ,... , ...,... ,... , ...,... ,... , ...,... ,... , ...,... ,... , ...
Senegal,2.61 ,2.25 , 2.95,2.31 ,2.03 , 2.63,2.02 ,1.77 , 2.27,1.73 ,1.50 , 1.96,1.49 ,1.31 , 1.69,1.28 ,1.12 , 1.47,1.10 ,0.96 , 1.28,1.03 ,0.90 , 1.22,1.37 ,1.17 , 1.64,1.33 ,1.14 , 1.63,1.21 ,1.03 , 1.49,1.09 ,0.90 , 1.38,0.98 ,0.80 , 1.23,0.87 ,0.68 , 1.13,0.83 ,0.66 , 1.07,0.80 ,0.62 , 1.04,0.84 ,0.64 , 1.10,0.86 ,0.67 , 1.12,0.89 ,0.68 , 1.21,0.99 ,0.74 , 1.35
Serbia,0.46 ,0.33 , 0.61,0.58 ,0.43 , 0.75,0.75 ,0.58 , 0.93,1.14 ,0.90 , 1.39,4.73 ,3.86 , 5.55,6.21 ,5.47 , 7.00,6.89 ,6.21 , 7.63,7.20 ,6.50 , 7.85,7.43 ,6.81 , 8.05,7.22 ,6.57 , 7.91,7.61 ,6.78 , 8.43,7.32 ,6.44 , 8.20,7.27 ,6.31 , 8.23,6.89 ,5.79 , 8.04,6.35 ,5.16 , 7.58,5.69 ,4.40 , 7.00,5.29 ,3.66 , 6.95,4.95 ,3.02 , 6.93,4.74 ,2.37 , 7.14,4.74 ,2.40 , 7.14
Sierra Leone,1.61 ,1.36 , 1.90,1.50 ,1.25 , 1.73,1.45 ,1.23 , 1.69,1.36 ,1.17 , 1.58,1.33 ,1.17 , 1.54,1.28 ,1.11 , 1.46,1.28 ,1.12 , 1.46,1.31 ,1.15 , 1.52,1.25 ,1.08 , 1.45,1.34 ,1.17 , 1.55,1.42 ,1.24 , 1.65,1.47 ,1.27 , 1.70,1.51 ,1.29 , 1.76,1.51 ,1.28 , 1.76,1.40 ,1.17 , 1.66,1.34 ,1.08 , 1.58,1.35 ,1.05 , 1.64,1.38 ,1.04 , 1.71,1.42 ,1.04 , 1.81,1.47 ,1.06 , 1.89
Singapore,2.63 ,2.21 , 3.10,2.28 ,1.78 , 2.81,2.08 ,1.60 , 2.60,2.06 ,1.66 , 2.49,2.14 ,1.85 , 2.45,2.29 ,2.05 , 2.57,2.75 ,2.45 , 3.07,3.51 ,3.07 , 3.99,4.28 ,3.69 , 4.90,4.91 ,4.24 , 5.63,5.10 ,4.42 , 5.81,4.68 ,4.06 , 5.35,3.80 ,3.13 , 4.54,2.81 ,1.99 , 3.69,2.24 ,1.23 , 3.33,1.78 ,0.86 , 2.78,1.37 ,0.67 , 2.11,1.08 ,0.38 , 1.82,1.03 ,0.18 , 1.94,1.12 ,0.03 , 2.29
Slovakia,... ,... , ...,... ,... , ...,... ,... , ...,... ,... , ...,... ,... , ...,... ,... , ...,... ,... , ...,... ,... , ...,... ,... , ...,... ,... , ...,... ,... , ...,... ,... , ...,... ,... , ...,... ,... , ...,... ,... , ...,... ,... , ...,... ,... , ...,... ,... , ...,... ,... , ...,... ,... , ...
Slovenia,... ,... , ...,... ,... , ...,... ,... , ...,... ,... , ...,... ,... , ...,... ,... , ...,... ,... , ...,... ,... , ...,... ,... , ...,... ,... , ...,... ,... , ...,... ,... , ...,... ,... , ...,... ,... , ...,... ,... , ...,... ,... , ...,... ,... , ...,... ,... , ...,... ,... , ...,... ,... , ...
Somalia,2.29 ,1.95 , 2.65,2.02 ,1.70 , 2.31,1.76 ,1.49 , 1.99,1.52 ,1.29 , 1.70,1.31 ,1.11 , 1.49,1.10 ,0.92 , 1.27,0.99 ,0.82 , 1.15,0.85 ,0.69 , 1.00,0.72 ,0.57 , 0.86,0.63 ,0.51 , 0.75,0.54 ,0.43 , 0.66,0.49 ,0.38 , 0.60,0.45 ,0.34 , 0.56,0.43 ,0.33 , 0.55,0.43 ,0.32 , 0.55,0.43 ,0.32 , 0.56,0.47 ,0.35 , 0.61,0.52 ,0.38 , 0.66,0.57 ,0.42 , 0.73,0.61 ,0.44 , 0.77
South Africa,3.23 ,3.02 , 3.44,2.76 ,2.61 , 2.93,2.39 ,2.28 , 2.53,2.11 ,1.99 , 2.22,1.89 ,1.80 , 1.99,1.76 ,1.68 , 1.85,1.65 ,1.56 , 1.75,1.67 ,1.58 , 1.76,1.74 ,1.65 , 1.85,1.81 ,1.70 , 1.94,1.87 ,1.75 , 2.01,1.99 ,1.86 , 2.15,2.14 ,1.99 , 2.33,2.18 ,2.02 , 2.38,2.18 ,2.01 , 2.38,2.10 ,1.93 , 2.32,2.04 ,1.87 , 2.25,1.93 ,1.76 , 2.14,1.70 ,1.54 , 1.89,1.56 ,1.41 , 1.74
South Sudan,1.98 ,1.39 , 2.73,1.82 ,1.29 , 2.45,1.62 ,1.16 , 2.12,1.52 ,1.11 , 1.98,1.45 ,1.07 , 1.86,1.38 ,1.03 , 1.77,1.29 ,0.98 , 1.68,1.26 ,0.96 , 1.63,1.26 ,0.97 , 1.63,1.28 ,0.97 , 1.66,1.32 ,1.00 , 1.71,1.32 ,1.00 , 1.73,1.36 ,1.02 , 1.74,1.38 ,1.04 , 1.80,1.45 ,1.08 , 1.89,1.50 ,1.07 , 1.94,1.63 ,1.17 , 2.15,1.58 ,1.10 , 2.12,1.64 ,1.12 , 2.24,1.76 ,1.21 , 2.45
Spain,2.58 ,1.92 , 3.24,2.62 ,1.95 , 3.29,2.68 ,1.99 , 3.36,2.71 ,2.01 , 3.40,2.73 ,2.02 , 3.42,2.73 ,2.02 , 3.43,2.73 ,2.02 , 3.43,2.73 ,2.02 , 3.42,2.70 ,2.00 , 3.39,2.66 ,1.97 , 3.36,2.73 ,2.03 , 3.47,2.80 ,2.07 , 3.56,2.78 ,2.04 , 3.53,2.70 ,1.98 , 3.44,2.61 ,1.91 , 3.34,2.48 ,1.81 , 3.21,2.33 ,1.69 , 3.02,2.08 ,1.49 , 2.70,1.93 ,1.38 , 2.53,1.81 ,1.28 , 2.38
Sri Lanka,5.75 ,4.94 , 6.58,4.58 ,3.93 , 5.22,3.78 ,3.24 , 4.30,3.10 ,2.66 , 3.52,2.57 ,2.22 , 2.92,2.24 ,1.94 , 2.54,1.97 ,1.72 , 2.22,1.68 ,1.46 , 1.88,1.46 ,1.28 , 1.64,1.29 ,1.13 , 1.44,1.18 ,1.04 , 1.32,1.06 ,0.94 , 1.18,0.98 ,0.87 , 1.09,0.93 ,0.83 , 1.04,0.92 ,0.82 , 1.02,0.93 ,0.83 , 1.03,0.88 ,0.78 , 0.97,0.82 ,0.73 , 0.91,0.77 ,0.69 , 0.85,0.92 ,0.82 , 1.02
Sudan,3.30 ,2.35 , 4.63,2.96 ,2.24 , 3.99,2.68 ,2.08 , 3.50,2.44 ,1.97 , 3.27,2.20 ,1.78 , 2.86,1.76 ,1.44 , 2.30,1.47 ,1.21 , 1.93,1.38 ,1.15 , 1.77,1.35 ,1.12 , 1.74,1.46 ,1.22 , 1.87,1.41 ,1.15 , 1.88,1.31 ,1.06 , 1.69,1.20 ,0.96 , 1.52,1.14 ,0.90 , 1.46,1.14 ,0.87 , 1.46,1.13 ,0.87 , 1.46,1.13 ,0.84 , 1.47,1.20 ,0.87 , 1.59,1.30 ,0.91 , 1.76,1.33 ,0.91 , 1.81
Suriname,2.17 ,1.63 , 2.75,1.89 ,1.45 , 2.40,1.71 ,1.33 , 2.09,1.64 ,1.28 , 1.98,1.69 ,1.28 , 2.07,1.68 ,1.26 , 2.10,1.69 ,1.26 , 2.15,1.72 ,1.27 , 2.20,1.82 ,1.33 , 2.32,1.88 ,1.34 , 2.41,1.85 ,1.30 , 2.38,1.70 ,1.20 , 2.26,1.66 ,1.16 , 2.18,1.66 ,1.13 , 2.25,1.66 ,1.10 , 2.30,1.72 ,1.10 , 2.43,1.69 ,1.08 , 2.41,1.65 ,1.05 , 2.39,1.57 ,0.95 , 2.29,1.47 ,0.89 , 2.18
Sweden,... ,... , ...,... ,... , ...,... ,... , ...,... ,... , ...,... ,... , ...,... ,... , ...,... ,... , ...,... ,... , ...,... ,... , ...,... ,... , ...,... ,... , ...,... ,... , ...,... ,... , ...,... ,... , ...,... ,... , ...,... ,... , ...,... ,... , ...,... ,... , ...,... ,... , ...,... ,... , ...
Switzerland,1.95 ,1.40 , 2.69,2.02 ,1.41 , 2.78,2.16 ,1.47 , 3.02,2.32 ,1.53 , 3.24,2.51 ,1.63 , 3.46,2.69 ,1.72 , 3.72,2.83 ,1.81 , 3.91,2.94 ,1.90 , 4.04,2.97 ,1.92 , 4.14,2.98 ,1.91 , 4.12,3.20 ,2.06 , 4.51,3.27 ,2.08 , 4.65,3.16 ,1.98 , 4.50,3.06 ,1.85 , 4.53,2.85 ,1.65 , 4.36,2.58 ,1.30 , 4.07,2.26 ,1.04 , 3.71,1.93 ,0.77 , 3.39,1.63 ,0.53 , 3.13,1.31 ,0.32 , 2.94
Syrian Arab Republic,2.62 ,1.15 , 5.15,2.57 ,1.07 , 5.07,2.47 ,1.07 , 4.80,2.24 ,1.00 , 4.35,2.44 ,1.06 , 4.75,2.67 ,1.13 , 5.20,2.73 ,1.20 , 5.40,2.53 ,1.06 , 4.94,2.50 ,1.00 , 4.89,2.56 ,1.00 , 5.06,2.67 ,1.00 , 5.17,2.88 ,1.12 , 5.71,3.20 ,1.13 , 6.33,3.29 ,1.14 , 6.57,3.14 ,1.07 , 6.43,3.00 ,1.00 , 6.29,2.73 ,0.87 , 6.00,2.41 ,0.76 , 5.41,2.15 ,0.65 , 4.85,2.37 ,0.68 , 5.63
Tajikistan,,,,38.00 ,22.00 , 184.00,41.50 ,25.00 , 143.50,41.75 ,28.75 , 109.25,33.22 ,24.22 , 68.11,27.53 ,20.41 , 46.82,23.74 ,17.63 , 32.70,20.76 ,15.95 , 27.55,16.67 ,13.22 , 20.43,13.45 ,11.14 , 16.29,10.20 ,8.89 , 12.47,8.22 ,7.15 , 10.42,6.79 ,5.89 , 8.63,5.79 ,4.97 , 7.59,5.01 ,4.26 , 6.58,4.54 ,3.86 , 5.92,4.24 ,3.59 , 5.64,4.11 ,3.45 , 5.61,4.12 ,3.46 , 5.74,4.71 ,4.01 , 6.44
Thailand,0.70 ,0.62 , 0.78,0.62 ,0.55 , 0.68,0.56 ,0.49 , 0.62,0.53 ,0.47 , 0.58,0.52 ,0.47 , 0.58,0.57 ,0.52 , 0.63,0.67 ,0.60 , 0.73,0.69 ,0.62 , 0.75,0.67 ,0.60 , 0.73,0.63 ,0.57 , 0.69,0.59 ,0.54 , 0.65,0.58 ,0.53 , 0.63,0.55 ,0.50 , 0.60,0.49 ,0.44 , 0.54,0.47 ,0.42 , 0.51,0.44 ,0.39 , 0.48,0.38 ,0.34 , 0.42,0.36 ,0.32 , 0.39,0.35 ,0.31 , 0.38,0.35 ,0.31 , 0.38
Timor-Leste,2.70 ,1.40 , 4.40,2.73 ,1.55 , 4.64,2.83 ,1.67 , 4.67,2.79 ,1.71 , 4.71,2.93 ,1.80 , 4.80,2.88 ,1.94 , 4.76,3.00 ,2.06 , 4.83,3.44 ,2.39 , 5.39,3.40 ,2.45 , 5.25,4.41 ,3.24 , 6.59,4.10 ,3.00 , 6.00,4.33 ,3.24 , 6.33,4.08 ,3.00 , 5.72,4.27 ,3.04 , 6.00,4.92 ,3.42 , 7.08,5.04 ,3.35 , 7.27,5.00 ,3.24 , 7.31,5.13 ,3.13 , 7.55,5.15 ,2.88 , 7.68,5.22 ,2.72 , 7.92
Togo,1.68 ,1.32 , 2.07,1.45 ,1.14 , 1.74,1.27 ,1.02 , 1.53,1.16 ,0.94 , 1.40,1.14 ,0.92 , 1.38,1.14 ,0.92 , 1.37,1.23 ,1.01 , 1.51,1.19 ,0.97 , 1.45,1.10 ,0.91 , 1.39,1.12 ,0.92 , 1.38,1.18 ,0.97 , 1.48,1.28 ,1.05 , 1.65,1.30 ,1.06 , 1.67,1.29 ,1.03 , 1.67,1.25 ,1.00 , 1.67,1.14 ,0.89 , 1.53,1.10 ,0.84 , 1.51,1.10 ,0.82 , 1.53,1.06 ,0.76 , 1.55,1.15 ,0.80 , 1.72
Trinidad and Tobago,2.30 ,2.06 , 2.62,2.10 ,1.86 , 2.36,2.02 ,1.76 , 2.32,2.12 ,1.85 , 2.45,2.24 ,1.94 , 2.60,2.25 ,1.93 , 2.62,2.11 ,1.80 , 2.43,1.89 ,1.57 , 2.18,1.65 ,1.36 , 1.94,1.44 ,1.17 , 1.73,1.31 ,1.02 , 1.58,1.23 ,0.91 , 1.54,1.06 ,0.72 , 1.37,0.91 ,0.62 , 1.21,0.77 ,0.46 , 1.09,0.66 ,0.39 , 0.98,0.53 ,0.28 , 0.81,0.45 ,0.24 , 0.71,0.40 ,0.21 , 0.66,0.37 ,0.18 , 0.65
Tunisia,3.70 ,1.89 , 13.56,4.14 ,2.14 , 13.62,6.27 ,3.32 , 17.64,7.39 ,4.00 , 17.52,7.92 ,4.54 , 16.15,8.16 ,4.90 , 13.81,8.47 ,5.36 , 13.39,8.38 ,5.43 , 12.71,8.35 ,5.71 , 12.73,7.77 ,4.21 , 12.16,7.22 ,4.21 , 11.28,6.30 ,3.93 , 10.04,5.42 ,3.49 , 8.50,4.42 ,2.84 , 6.63,3.52 ,2.15 , 5.18,3.02 ,1.77 , 4.68,2.76 ,1.60 , 4.37,2.64 ,1.48 , 4.48,2.35 ,1.29 , 4.03,2.25 ,1.18 , 3.87
Turkey,... ,... , ...,... ,... , ...,... ,... , ...,... ,... , ...,... ,... , ...,... ,... , ...,... ,... , ...,... ,... , ...,... ,... , ...,... ,... , ...,... ,... , ...,... ,... , ...,... ,... , ...,... ,... , ...,... ,... , ...,... ,... , ...,... ,... , ...,... ,... , ...,... ,... , ...,... ,... , ...
Turkmenistan,... ,... , ...,... ,... , ...,... ,... , ...,... ,... , ...,... ,... , ...,... ,... , ...,... ,... , ...,... ,... , ...,... ,... , ...,... ,... , ...,... ,... , ...,... ,... , ...,... ,... , ...,... ,... , ...,... ,... , ...,... ,... , ...,... ,... , ...,... ,... , ...,... ,... , ...,... ,... , ...
Uganda,1.02 ,0.91 , 1.16,1.03 ,0.91 , 1.17,1.06 ,0.93 , 1.20,1.08 ,0.96 , 1.24,1.12 ,1.01 , 1.28,1.28 ,1.15 , 1.47,1.42 ,1.28 , 1.62,1.38 ,1.24 , 1.59,1.40 ,1.25 , 1.64,1.50 ,1.36 , 1.76,1.55 ,1.40 , 1.83,1.61 ,1.44 , 1.89,1.55 ,1.37 , 1.88,1.67 ,1.46 , 2.05,1.71 ,1.49 , 2.10,1.78 ,1.55 , 2.19,1.87 ,1.61 , 2.33,1.80 ,1.49 , 2.29,1.71 ,1.38 , 2.26,1.74 ,1.39 , 2.34
Ukraine,6.00 ,5.30 , 6.78,4.51 ,4.05 , 5.12,3.55 ,3.16 , 4.04,2.75 ,2.44 , 3.15,2.20 ,1.92 , 2.53,1.81 ,1.55 , 2.09,1.52 ,1.29 , 1.76,1.31 ,1.10 , 1.52,1.18 ,0.97 , 1.37,1.09 ,0.90 , 1.27,1.04 ,0.87 , 1.21,1.03 ,0.87 , 1.21,1.04 ,0.87 , 1.22,1.16 ,0.98 , 1.36,1.29 ,1.09 , 1.52,1.33 ,1.12 , 1.58,1.25 ,1.04 , 1.49,1.43 ,1.19 , 1.71,1.57 ,1.29 , 1.89,1.80 ,1.48 , 2.18
United Arab Emirates,... ,... , ...,... ,... , ...,... ,... , ...,... ,... , ...,... ,... , ...,... ,... , ...,... ,... , ...,... ,... , ...,... ,... , ...,... ,... , ...,... ,... , ...,... ,... , ...,... ,... , ...,... ,... , ...,... ,... , ...,... ,... , ...,... ,... , ...,... ,... , ...,... ,... , ...,... ,... , ...
United Kingdom,... ,... , ...,... ,... , ...,... ,... , ...,... ,... , ...,... ,... , ...,... ,... , ...,... ,... , ...,... ,... , ...,... ,... , ...,... ,... , ...,... ,... , ...,... ,... , ...,... ,... , ...,... ,... , ...,... ,... , ...,... ,... , ...,... ,... , ...,... ,... , ...,... ,... , ...,... ,... , ...
United Republic of Tanzania,1.31 ,1.23 , 1.40,1.22 ,1.15 , 1.31,1.15 ,1.08 , 1.22,1.09 ,1.03 , 1.17,1.04 ,0.99 , 1.11,1.02 ,0.96 , 1.09,1.07 ,1.00 , 1.14,1.23 ,1.16 , 1.32,1.49 ,1.39 , 1.60,1.48 ,1.39 , 1.59,1.52 ,1.42 , 1.63,1.56 ,1.46 , 1.68,1.59 ,1.48 , 1.72,1.80 ,1.67 , 1.95,2.05 ,1.89 , 2.23,2.11 ,1.92 , 2.30,2.20 ,2.01 , 2.43,2.16 ,1.94 , 2.39,2.10 ,1.88 , 2.36,2.01 ,1.76 , 2.25
United States,2.40 ,2.00 , 2.80,2.44 ,2.03 , 2.85,2.66 ,2.21 , 3.10,2.78 ,2.31 , 3.24,2.80 ,2.33 , 3.27,2.79 ,2.32 , 3.25,2.81 ,2.34 , 3.27,2.82 ,2.35 , 3.29,2.77 ,2.30 , 3.23,2.62 ,2.18 , 3.06,2.40 ,2.00 , 2.80,2.35 ,1.96 , 2.74,2.60 ,2.16 , 3.03,2.67 ,2.22 , 3.11,2.75 ,2.28 , 3.20,2.74 ,2.28 , 3.20,2.66 ,2.21 , 3.10,2.45 ,2.03 , 2.85,2.35 ,1.95 , 2.74,... ,... , ...
Uruguay,... ,... , ...,... ,... , ...,... ,... , ...,... ,... , ...,... ,... , ...,... ,... , ...,... ,... , ...,... ,... , ...,... ,... , ...,... ,... , ...,... ,... , ...,... ,... , ...,... ,... , ...,... ,... , ...,... ,... , ...,... ,... , ...,... ,... , ...,... ,... , ...,... ,... , ...,... ,... , ...
Uzbekistan,11.17 ,10.63 , 12.63,9.71 ,9.26 , 10.89,8.57 ,8.20 , 9.50,7.64 ,7.31 , 8.40,4.89 ,4.74 , 5.19,3.68 ,3.57 , 3.89,3.31 ,3.20 , 3.48,3.74 ,3.60 , 3.90,3.96 ,3.81 , 4.12,4.25 ,4.07 , 4.43,4.63 ,4.43 , 4.85,4.66 ,4.44 , 4.90,4.43 ,4.21 , 4.68,4.10 ,3.89 , 4.37,3.79 ,3.58 , 4.06,3.79 ,3.56 , 4.07,3.82 ,3.60 , 4.13,3.90 ,3.68 , 4.25,4.48 ,4.21 , 4.92,4.93 ,4.63 , 5.45
Venezuela (Bolivarian Republic of),4.47 ,3.95 , 5.19,5.10 ,4.43 , 5.78,5.56 ,4.74 , 6.28,5.48 ,4.61 , 6.23,4.97 ,4.12 , 5.73,4.27 ,3.50 , 4.97,3.68 ,3.03 , 4.35,3.60 ,2.96 , 4.29,3.34 ,2.69 , 3.96,3.02 ,2.43 , 3.65,2.77 ,2.21 , 3.39,2.61 ,2.03 , 3.25,2.27 ,1.72 , 2.86,1.98 ,1.44 , 2.53,1.66 ,1.18 , 2.12,1.53 ,1.09 , 1.99,1.80 ,1.30 , 2.38,1.39 ,0.96 , 1.86,... ,... , ...,... ,... , ...
Viet Nam,3.61 ,3.24 , 3.93,3.03 ,2.73 , 3.30,2.65 ,2.38 , 2.88,2.34 ,2.10 , 2.54,2.03 ,1.83 , 2.22,1.80 ,1.62 , 1.96,1.72 ,1.55 , 1.88,1.78 ,1.60 , 1.94,1.82 ,1.64 , 1.98,1.81 ,1.62 , 1.98,1.76 ,1.58 , 1.92,1.65 ,1.49 , 1.81,1.66 ,1.49 , 1.81,1.62 ,1.46 , 1.77,1.55 ,1.39 , 1.69,1.41 ,1.27 , 1.55,1.27 ,1.14 , 1.40,1.08 ,0.96 , 1.18,0.95 ,0.85 , 1.05,0.85 ,0.76 , 0.94
Yemen,3.76 ,2.25 , 7.78,3.97 ,2.51 , 6.85,4.02 ,2.49 , 6.36,3.96 ,2.43 , 6.00,4.08 ,2.47 , 6.40,3.96 ,2.45 , 6.01,3.88 ,2.37 , 5.93,3.85 ,2.54 , 5.82,4.25 ,2.74 , 6.32,4.51 ,2.97 , 6.66,4.19 ,2.67 , 6.29,4.29 ,2.57 , 6.78,3.66 ,2.09 , 5.76,3.19 ,1.74 , 5.24,2.98 ,1.51 , 5.06,2.96 ,1.41 , 5.41,2.63 ,1.22 , 4.95,2.53 ,1.14 , 5.03,2.41 ,1.06 , 4.93,2.30 ,0.97 , 4.80
Zambia,1.16 ,0.99 , 1.40,1.08 ,0.92 , 1.31,1.03 ,0.87 , 1.24,1.00 ,0.85 , 1.21,1.05 ,0.89 , 1.27,1.08 ,0.91 , 1.30,1.14 ,0.97 , 1.38,1.26 ,1.07 , 1.51,1.44 ,1.22 , 1.73,1.68 ,1.43 , 2.03,1.90 ,1.61 , 2.29,2.03 ,1.72 , 2.44,2.07 ,1.76 , 2.49,2.14 ,1.82 , 2.58,2.22 ,1.88 , 2.67,2.13 ,1.81 , 2.57,2.08 ,1.77 , 2.51,2.12 ,1.80 , 2.55,2.02 ,1.72 , 2.44,1.83 ,1.55 , 2.20
Zimbabwe,0.91 ,0.64 , 1.25,0.83 ,0.59 , 1.14,0.77 ,0.55 , 1.06,0.73 ,0.52 , 1.01,0.71 ,0.50 , 0.98,0.73 ,0.51 , 1.00,0.77 ,0.54 , 1.06,0.85 ,0.60 , 1.17,0.95 ,0.67 , 1.31,1.08 ,0.77 , 1.49,1.25 ,0.88 , 1.71,1.41 ,0.99 , 1.93,1.50 ,1.06 , 2.05,1.63 ,1.15 , 2.24,1.68 ,1.19 , 2.31,1.67 ,1.18 , 2.30,1.60 ,1.13 , 2.19,1.49 ,1.05 , 2.04,1.38 ,0.97 , 1.89,1.47 ,1.04 , 2.02
Global,1.72 ,1.27,2.32,1.55 ,1.15,2.09,1.43 ,1.06,1.94,1.32 ,0.98,1.78,1.27 ,0.94,1.71,1.27 ,0.94,1.72,1.30 ,0.96,1.75,1.36 ,1.01,1.84,1.45 ,1.07,1.95,1.53 ,1.13,2.06,1.60 ,1.18,2.16,1.64 ,1.21,2.21,1.68 ,1.24,2.26,1.72 ,1.27,2.32,1.75 ,1.29,2.36,1.77 ,1.30,2.38,1.77 ,1.31,2.39,1.76 ,1.30,2.38,1.74 ,1.28,2.34,1.75 ,1.29,2.36